timestamp,thumb_P,thumb_R,thumb_Y,thumb_gx,thumb_gy,thumb_gz,thumb_ax,thumb_ay,thumb_az,index_P,index_R,index_Y,index_gx,index_gy,index_gz,index_ax,index_ay,index_az,middle_P,middle_R,middle_Y,middle_gx,middle_gy,middle_gz,middle_ax,middle_ay,middle_az,ring_P,ring_R,ring_Y,ring_gx,ring_gy,ring_gz,ring_ax,ring_ay,ring_az,pinky_P,pinky_R,pinky_Y,pinky_gx,pinky_gy,pinky_gz,pinky_ax,pinky_ay,pinky_az,palm_P,palm_R,palm_Y,palm_gx,palm_gy,palm_gz,palm_ax,palm_ay,palm_az
0,-18.0580,21.6060,11.1900,-2.1830,-2.4930,0.7960,9.8040,2.1880,-1.6520,20.6190,85.2290,-17.5190,-7.1120,-3.9340,3.1840,1.1850,8.7030,4.0200,-25.4520,69.1470,-31.7080,-8.1680,-3.3610,2.8540,-0.4360,6.7230,7.3670,-19.1300,-54.8740,21.9060,-2.9270,-0.3650,-4.5090,-3.0860,-8.6960,-2.2890,12.5980,22.4590,-1.0170,-6.7090,-3.6750,-0.3620,-3.3400,-5.3200,8.0470,-8.2470,56.7370,4.6190,0.7360,-1.4130,1.3840,-5.0180,7.1730,6.9910
20,-17.9990,21.8740,11.1900,-2.6410,-2.5380,0.2620,9.7590,2.0950,-1.4890,20.3670,84.9300,-17.5190,-8.1500,-5.7970,3.6730,1.9420,8.4560,4.9150,-25.5700,68.7240,-31.7080,-9.5420,-3.8500,1.1130,-0.6420,6.2580,8.2500,-19.2670,-54.8930,21.9060,-2.8200,-0.2890,-4.7690,-2.7940,-8.9210,-1.9490,12.5130,22.4070,-1.0170,-5.1210,-4.2250,-0.5760,-2.9260,-5.0350,7.8270,-8.2470,56.7370,4.6190,0.7360,-1.4130,1.3840,-5.0180,7.1730,6.9910
40,-17.9310,22.1220,11.1900,-2.3210,-1.6680,-0.8830,9.9240,2.1120,-1.4800,20.3080,84.8360,-17.5190,-8.0580,-3.1710,2.1310,1.4370,8.6550,4.2640,-25.5630,68.6170,-31.7080,-7.6180,3.2950,0.7470,-0.5530,6.7920,7.3550,-19.3380,-55.0530,21.9060,-6.1170,0.5510,-4.3870,-3.0120,-9.0120,-2.2410,12.3320,22.1380,-1.0170,-10.3730,-6.3620,1.0880,-2.9280,-5.0130,7.8100,-8.2690,56.8110,4.6190,2.5220,-1.0620,1.2930,-5.0570,7.4360,7.0960
60,-17.7790,22.7190,11.1900,-2.4730,-2.5380,-1.6010,9.3970,2.0730,-1.8940,20.2640,84.5110,-17.5190,-10.2260,-3.2320,2.1160,1.3720,8.2460,4.8080,-25.5630,68.6170,-31.7080,-7.6180,3.2950,0.7470,-0.5530,6.7920,7.3550,-19.4510,-55.1900,21.7940,-8.3770,-2.4110,-5.5930,-3.0930,-9.1390,-2.0690,12.3320,22.1380,-1.0170,-10.3730,-6.3620,1.0880,-2.9280,-5.0130,7.8100,-8.2230,56.9760,4.6190,1.4990,0.9990,1.0330,-4.9560,7.0250,6.3450
80,-17.7310,22.9660,11.1900,-2.6560,-3.9280,0.8110,9.5910,2.1020,-1.5060,20.1990,84.3610,-17.5190,-5.9360,-3.3240,2.4210,1.4530,8.4180,4.5870,-25.4680,68.4700,-31.7080,-6.5340,2.2420,1.2810,-0.7540,7.0490,6.7040,-19.5950,-55.2330,21.7940,-6.0720,-1.7090,-4.6320,-2.8660,-9.0140,-1.8960,12.1960,21.8130,-1.0170,-6.9530,-5.4000,0.4930,-3.0890,-5.1550,7.6610,-8.2730,56.9680,4.6190,1.8200,0.0370,1.7510,-4.9270,7.1250,7.1400
100,-17.7110,23.2240,11.1900,-2.5340,-5.4850,1.2540,9.9340,2.1690,-1.5730,20.1240,84.4030,-17.5190,-5.6150,-3.0490,2.7420,1.5350,8.7750,4.0730,-25.5040,68.3100,-31.7080,-14.3210,3.0660,1.1890,-0.4260,6.7610,7.0630,-19.7740,-55.4430,21.7940,-4.5750,-0.0450,-4.1120,-2.4280,-8.2380,-2.3610,12.0880,21.7110,-1.0170,-8.8610,-9.5070,-0.4690,-2.9420,-4.7600,7.3260,-8.3490,57.0040,4.6190,3.2240,-2.4970,2.4220,-4.9460,7.0770,7.0150
120,-17.6660,23.4440,11.1900,-3.6180,-5.8060,-0.3490,9.7420,2.2190,-1.5970,20.0220,84.1970,-17.5190,-11.6920,-3.6900,2.1920,1.5610,8.3730,4.3810,-25.4750,67.8120,-31.7080,-14.9010,1.8750,-0.8720,-0.7730,6.1360,8.2000,-19.9270,-55.6650,21.6170,-9.8880,-1.3120,-8.8760,-2.6790,-8.6190,-2.2000,11.9100,21.4410,-1.0170,-18.4490,-9.6140,-1.2930,-2.9900,-5.2820,8.1880,-8.4130,57.0430,4.6190,3.1170,-0.7720,1.5670,-4.8270,7.0630,6.9620
140,-17.5880,23.7130,11.1900,-4.2750,-4.6760,-0.7460,9.4640,2.1450,-1.6230,19.9490,83.7750,-17.5190,-11.1730,-5.7360,2.1620,1.3600,8.0830,5.1480,-25.4010,67.7790,-31.7080,-7.7100,1.9360,0.5480,-0.9100,6.7610,7.2160,-20.0770,-55.8750,21.4340,-12.7130,-3.1740,-9.1050,-2.9070,-8.9970,-2.1070,11.7630,21.2430,-1.0170,-13.4870,-8.7740,0.2330,-2.9350,-5.2580,7.9100,-8.4500,57.1560,4.6190,3.5600,-1.5810,1.6280,-5.0280,7.2740,6.8570
160,-17.4580,24.0870,11.1900,-2.9310,-4.1410,0.7350,9.7370,2.2770,-1.8390,19.9460,83.8550,-17.5190,-6.8220,-4.3470,3.9940,1.2140,8.7050,3.9120,-25.4010,67.7790,-31.7080,-7.7100,1.9360,0.5480,-0.9100,6.7610,7.2160,-20.2660,-56.0590,21.3030,-10.8960,-1.3420,-6.5700,-2.5090,-8.5980,-2.0780,11.7630,21.2430,-1.0170,-13.4870,-8.7740,0.2330,-2.9350,-5.2580,7.9100,-8.5100,57.2320,4.6190,2.7200,-2.2990,2.1170,-5.0090,7.2740,6.9290
180,-17.3610,24.3310,11.1900,-2.8400,-3.7140,1.4370,9.7400,2.2340,-1.6470,19.7800,83.7970,-17.4180,-10.2870,-6.6370,5.0780,1.6660,8.7560,4.2040,-25.3700,67.2920,-31.7080,-17.6030,4.7000,-2.7190,-0.8140,6.0910,8.1880,-20.3720,-56.3050,21.1180,-11.4920,-0.3810,-9.2420,-2.7030,-8.5210,-2.2550,11.3150,20.8520,-1.1220,-14.9380,-14.9420,-5.2630,-2.7800,-5.0900,7.5230,-8.4800,57.3010,4.6190,0.4150,0.1900,1.7050,-5.0130,7.1350,6.6130
200,-17.4310,23.9260,11.1900,-3.8620,-4.0040,2.0330,9.6990,1.9820,-0.8640,19.4930,83.1090,-17.4180,-13.3710,-8.5300,4.3910,2.0350,7.8190,6.0170,-25.1470,66.9650,-31.7080,-13.4350,6.8680,-2.6730,-1.1590,6.3610,7.9320,-20.2600,-56.7010,20.8270,-18.2700,4.6270,-14.5550,-3.4210,-9.2900,-2.5790,11.0910,20.4840,-1.1220,-19.5630,-14.3780,-3.1860,-3.0980,-5.8040,8.1760,-8.5090,57.3540,4.6190,1.6060,-2.5280,1.5220,-5.0130,7.0870,6.7280
220,-17.2910,24.4820,11.1900,-0.7940,-4.0040,1.9870,9.9240,2.2340,-2.0060,19.4820,83.0390,-17.4180,-8.2110,-3.3240,4.5430,1.3910,8.5400,4.4200,-24.9550,66.9080,-31.7080,-14.6870,9.6160,-0.4140,-0.8520,6.8520,6.9770,-20.4050,-57.1000,20.5920,-18.8200,-2.1210,-11.7770,-2.8490,-8.9710,-2.5310,10.7590,20.2000,-1.1220,-14.1740,-16.6520,0.8140,-2.6310,-5.5640,7.6280,-8.4400,57.4290,4.6190,3.5140,2.1440,2.3920,-5.1710,7.2690,6.9770
240,-17.2130,25.1720,11.1900,-3.3740,-7.4700,1.0710,9.7130,2.0520,-2.1310,19.4270,82.9480,-17.4180,-11.4020,-5.5220,4.9250,1.4080,8.6140,4.3220,-24.5460,66.1420,-31.7080,-24.8240,7.7840,-0.5360,-1.9390,5.8730,8.8150,-20.5530,-57.4820,20.3630,-19.9650,0.5970,-11.4250,-2.6000,-8.8800,-2.4370,10.3640,19.8750,-1.1220,-15.0600,-18.0420,-1.1710,-2.5810,-5.9970,7.9890,-8.4250,57.5280,4.6190,4.0790,0.9230,3.4610,-4.8550,6.9810,6.6080
260,-17.2780,25.2910,11.1900,-10.1530,-9.2100,1.0560,9.6580,2.0090,-1.5350,19.1910,82.4280,-17.2940,-16.0430,-9.5680,6.1770,1.7980,8.0250,5.3770,-24.5300,65.8430,-31.6070,-20.7480,5.9210,5.0370,-0.5580,6.3880,7.3330,-20.7930,-57.6330,20.0690,-16.6520,-6.1520,-14.7230,-2.9690,-9.8230,-2.1330,10.1230,19.6440,-1.1220,-10.8310,-18.6520,-0.0570,-2.8870,-5.4900,7.3070,-8.3860,57.6470,4.6190,5.7130,0.6940,4.5600,-5.0470,7.2020,7.1250
280,-17.3690,25.4340,11.1900,-14.5340,-12.5230,2.0480,10.0600,2.1160,-1.7530,19.0140,82.1190,-17.1610,-17.9360,-9.4310,6.6810,1.6230,8.3940,4.6810,-24.4600,65.4330,-31.6070,-26.1680,8.9290,3.4800,-0.5580,6.3210,7.3910,-20.7420,-58.2300,19.8140,-14.5750,3.0550,-12.7380,-3.1530,-8.6260,-3.5750,9.7070,19.3470,-1.1220,-15.9300,-20.1490,1.5010,-2.4040,-5.6530,7.6380,-8.3540,57.7670,4.7350,7.8040,3.5640,5.7810,-4.9900,7.2500,7.0250
300,-17.3500,25.8070,11.1900,-19.7400,-15.2410,0.3990,9.9810,2.2980,-2.4160,18.8140,81.9530,-17.0130,-24.3480,-11.5530,7.3980,1.5730,8.6910,3.8690,-24.1340,65.3200,-31.6070,-39.0690,14.3180,0.5330,-1.0560,7.1630,5.7390,-21.1830,-58.4090,19.4950,-15.2170,-10.4260,-15.9290,-2.2940,-9.0260,-2.2720,9.2880,18.9710,-1.1220,-18.5410,-22.0260,0.2330,-2.5710,-6.0450,7.9030,-8.3050,57.9340,4.8530,10.4300,3.5180,5.8880,-5.0660,7.2540,7.0150
320,-17.0790,26.3290,11.1900,-33.8620,-15.3020,-3.2800,9.9860,2.4900,-3.5820,18.8130,81.9380,-16.8460,-41.7680,-17.2630,8.3300,0.5390,9.1750,2.3390,-23.3090,65.1330,-31.6070,-70.9770,21.8290,-1.5130,-2.2940,7.9870,4.2540,-21.5520,-58.7230,19.1450,-15.3540,-5.6170,-17.5020,-2.1500,-8.8200,-2.7100,8.7640,18.6620,-1.1220,-15.8540,-25.8280,-1.9500,-2.2770,-5.8250,7.6060,-8.1490,58.2000,4.9910,13.1630,6.6020,6.9260,-5.2530,7.6710,7.2210
340,-16.3910,26.2960,10.9550,-72.3660,-15.3930,-11.7230,9.3230,3.0380,-5.0540,18.1420,80.2860,-16.5810,-81.2180,-33.2930,13.2300,1.7070,7.4360,4.8150,-23.3090,65.1330,-31.6070,-70.9770,21.8290,-1.5130,-2.2940,7.9870,4.2540,-21.7570,-59.1050,18.6040,-15.8730,-3.2050,-27.0590,-2.5710,-8.9280,-3.0050,8.7640,18.6620,-1.1220,-15.8540,-25.8280,-1.9500,-2.2770,-5.8250,7.6060,-7.8990,58.5060,5.1930,14.6290,9.9910,10.0870,-5.0800,6.9580,6.3780
360,-16.8270,23.6430,10.7300,-138.5800,-21.3630,-11.2500,7.6690,1.9230,-2.4010,17.1420,77.6310,-16.3010,-89.8290,-42.2240,14.0390,2.7340,6.3490,8.0970,-23.1780,62.2510,-31.4230,-74.3970,8.2570,9.2050,-0.7160,6.0810,6.2420,-21.8530,-59.6120,17.8000,-18.4690,-3.3880,-40.2190,-3.0690,-9.1460,-3.4210,7.4140,17.8250,-1.5210,-25.3500,-44.7740,-9.9960,-2.5140,-6.3660,8.1020,-7.8670,58.8090,5.5020,20.7360,5.3650,15.4450,-4.9610,7.2110,7.0340
380,-17.4900,19.8270,10.7300,-196.7630,-32.7220,-4.1960,11.1020,2.7370,-3.2940,16.5800,76.8880,-16.0310,-80.9740,-29.2930,13.4900,1.9390,8.8030,2.8920,-23.0030,60.8550,-31.2420,-91.3130,11.8290,9.0370,-0.8620,5.7270,6.6030,-22.4870,-59.9140,16.9640,-16.9110,-15.0680,-41.7770,-1.7210,-8.5660,-2.6790,6.3140,17.5150,-1.7130,-16.5410,-52.1030,-9.5990,-1.7000,-6.0740,7.6780,-7.9310,59.3240,5.8570,26.5520,6.2360,17.7660,-4.4440,7.3210,6.6270
400,-18.2730,15.8280,10.4220,-205.9240,-38.7220,-15.4180,9.7420,-1.0970,6.2060,15.7000,74.8760,-15.7350,-107.1730,-34.4380,14.7720,2.7920,7.4790,5.2700,-23.2270,58.2260,-31.1150,-111.7560,12.1350,6.3500,0.4020,4.0050,9.5820,-23.0440,-60.2910,16.0160,-16.2400,-8.7320,-47.4100,-1.4800,-8.4040,-2.9740,5.0540,17.4540,-1.9650,-17.6860,-57.3240,-12.6060,-1.1560,-4.8030,7.3790,-7.9920,59.9880,6.2030,27.3620,9.1360,17.2930,-4.1850,7.5420,6.1530
420,-18.3180,14.3300,10.1130,-95.4810,-31.8970,-15.4640,9.7660,3.2800,-1.6040,14.8580,72.4970,-15.4140,-124.3940,-30.1180,16.0240,3.1530,7.3720,5.7410,-23.2340,56.1460,-31.1150,-106.0310,18.5930,1.9380,0.0720,4.5590,8.2460,-23.4910,-60.4990,14.9290,-21.3390,-18.7470,-54.3570,-2.6020,-9.2510,-2.3700,4.1840,17.1000,-2.1270,-24.4640,-49.0030,-8.0870,-1.8560,-5.6500,7.6040,-7.8310,60.4750,6.4390,22.7970,13.4720,11.8120,-4.7070,7.4360,6.2870
440,-18.2310,14.0350,9.8310,-52.2590,-25.9890,-14.0890,9.1820,2.9620,-1.8170,14.7500,71.0360,-15.1560,-139.6460,-8.8960,12.9250,1.9130,8.2480,2.2700,-22.8970,53.8170,-31.2240,-118.1980,17.8140,-5.4210,-1.0300,5.7050,4.9820,-24.0590,-60.9000,14.0300,-27.2170,-11.8160,-44.9520,-1.5780,-8.9690,-2.6240,4.1840,17.1000,-2.1270,-24.4640,-49.0030,-8.0870,-1.8560,-5.6500,7.6040,-7.6450,60.9560,6.5890,19.0100,15.0140,7.5060,-4.9130,7.9150,6.3020
460,-17.6840,14.4460,9.6110,-47.9080,-17.5150,-10.9750,9.7320,3.5270,-3.2420,14.6000,67.2820,-14.8750,-191.2640,-7.7510,14.0850,-0.7370,7.1990,0.5700,-22.8580,50.7990,-31.5080,-152.6410,2.8680,-14.2460,-1.7930,0.3810,14.1760,-24.5690,-61.2600,13.0860,-24.6670,-11.6320,-47.1960,-1.7480,-9.2460,-2.8160,2.3980,16.1980,-2.3600,-20.5860,-40.8510,-11.6440,-1.0870,-6.4930,7.4890,-7.3410,61.3260,6.7270,15.7130,14.6780,6.8960,-4.6640,6.7040,5.4200
480,-17.9790,13.0750,9.3090,-76.2290,-16.1260,-15.0820,6.9380,3.0570,-0.6060,13.5660,62.7110,-14.3810,-231.4630,-51.9340,24.6810,3.3020,0.9910,13.4600,-23.1940,48.5490,-31.9080,-114.2440,-15.8200,-19.9710,-1.5870,1.4770,12.5430,-25.1310,-61.4360,12.0810,-19.1100,-7.3880,-50.2650,-1.2040,-9.2970,-2.6190,1.7380,16.0070,-2.7890,-19.2580,-43.2630,-21.4610,-1.6280,-5.2340,7.0490,-7.5230,61.7390,6.9850,17.2240,0.5100,12.9110,-4.1280,7.0580,5.5830
500,-18.1680,10.6450,9.1890,-72.4730,-24.4930,-6.0130,9.6320,2.5640,0.0740,12.5720,59.1510,-13.8620,-181.0050,-49.9650,25.9480,5.3990,2.2270,13.6970,-23.8610,47.6370,-31.9080,-71.1300,4.8520,-0.0780,0.9700,4.0890,7.6470,-25.2110,-61.8210,11.0550,-15.7510,0.6580,-51.3030,-2.2390,-8.6790,-3.4380,1.7380,16.0070,-2.7890,-19.2580,-43.2630,-21.4610,-1.6280,-5.2340,7.0490,-7.9860,62.1500,7.2620,18.5370,-3.6730,13.8270,-3.8070,7.9010,6.2680
520,-18.6630,9.8880,9.0760,-44.7480,-26.4470,-5.6470,11.0110,2.8780,-0.4000,12.3390,57.1380,-13.3940,-118.1500,-10.8960,23.3830,2.6260,5.6550,6.7110,-23.3450,46.0470,-31.9080,-81.6790,27.4320,-1.4060,0.2180,5.2100,5.5400,-25.6670,-62.1080,10.1390,-22.4080,-9.6020,-45.7920,-1.5800,-8.8200,-2.7560,0.1950,14.9230,-2.8750,-40.2960,-32.4230,8.7070,0.0020,-6.7010,7.5990,-8.0690,62.5260,7.3620,13.4690,7.6560,5.0180,-4.4050,8.1350,6.1000
540,-18.0600,10.5270,8.9320,-26.9620,-12.1260,-7.2040,8.9970,3.2540,-2.1980,12.3790,55.0140,-12.8350,-109.0810,1.7600,27.8560,1.5250,6.7730,3.4910,-22.2660,43.2480,-32.3290,-135.6340,27.6460,-21.0400,-2.8440,2.3270,9.4310,-26.5270,-62.4160,9.3970,-30.1480,-9.7550,-37.0900,-0.1770,-9.6560,-2.5980,0.1950,14.9230,-2.8750,-40.2960,-32.4230,8.7070,0.0020,-6.7010,7.5990,-7.9360,62.6620,7.3620,4.3690,9.5640,-0.9520,-4.9990,7.8000,6.0530
560,-17.2470,11.2470,8.9320,-24.1370,-6.7830,-0.6390,8.3530,3.3380,-2.3440,12.1640,52.1530,-12.1750,-146.7760,-11.0030,33.1390,2.3200,3.7060,6.6130,-22.6800,40.5010,-33.1570,-139.4200,-19.5900,-41.4210,-3.0240,-4.2230,18.9840,-27.0350,-62.9300,8.6430,-29.2930,6.0930,-37.6850,-0.2490,-9.2340,-3.3760,-0.4530,13.2110,-3.1080,-39.8080,-18.2250,-11.6140,-1.3650,-6.7040,7.1280,-8.1320,62.6320,7.3620,3.0410,-2.3900,1.9950,-3.9790,6.4980,5.5310
580,-17.0770,10.5130,8.9320,-22.6260,-14.2180,3.6200,9.3400,2.9810,-0.5100,11.0640,49.2980,-11.7320,-145.9510,-55.2470,22.1620,5.4640,-1.6350,15.9500,-23.1440,39.3690,-33.5460,-58.6570,-22.0790,-19.4360,-0.5840,2.7610,7.6730,-27.2190,-63.4130,7.8480,-21.9500,6.4290,-39.7460,-1.3220,-8.9830,-3.7880,-0.5700,12.6830,-3.2430,-36.5250,-18.6980,-6.7740,-1.6110,-6.4260,7.6950,-8.6940,62.7920,7.4830,11.2240,-11.0160,6.0560,-3.8160,7.6710,6.3730
600,-17.3730,10.4020,8.9320,-13.8620,-18.3550,-0.1050,11.2120,3.1480,-1.2860,10.6500,47.6420,-11.3620,-85.9510,-20.8960,18.4820,5.0800,2.4250,10.2230,-22.7450,38.6830,-33.5460,-55.5570,8.0890,0.1510,-1.6400,2.5160,8.2260,-27.6320,-63.7130,7.2960,-18.9880,-6.2280,-27.6240,-1.3500,-9.1360,-3.4550,-0.9010,12.0850,-3.0490,-26.8460,-18.9580,9.7140,-0.8740,-7.8070,7.6160,-8.7410,63.1930,7.4830,14.6590,4.0370,4.0100,-4.7120,8.1930,5.9810
620,-16.7500,11.5280,8.7020,-14.4880,-13.8210,-11.4790,9.7300,3.5720,-2.8160,10.8720,46.4510,-10.9250,-62.8220,10.8600,21.8410,0.1080,4.0580,5.5350,-22.6090,36.8260,-33.6850,-95.2210,7.6770,-6.9780,-0.0690,2.4010,7.2900,-28.2910,-64.0140,6.8600,-14.2700,-7.3880,-21.7770,-0.5320,-9.6180,-4.0650,-1.2870,11.6950,-2.8590,-14.1590,-20.7440,9.5010,-0.6820,-7.4770,6.9790,-8.5310,63.5210,7.4830,15.9420,11.2890,4.1930,-4.8510,8.1790,6.2730
640,-16.1280,12.1400,8.4240,-26.1220,-14.8130,-13.8910,9.0380,3.6370,-2.4730,9.9360,45.6930,-10.2290,-86.0280,-22.8050,34.8030,3.6220,4.4960,6.1910,-22.6090,36.8260,-33.6850,-95.2210,7.6770,-6.9780,-0.0690,2.4010,7.2900,-29.1710,-64.4380,6.4420,-10.0260,-5.0830,-20.9370,0.4930,-8.1590,-4.2310,-1.2870,11.6950,-2.8590,-14.1590,-20.7440,9.5010,-0.6820,-7.4770,6.9790,-8.6780,63.9070,7.6160,14.9190,2.2510,6.6360,-4.4010,8.0210,5.7990
660,-15.8870,11.4930,8.2670,-40.2590,-18.6300,-7.8450,8.9970,3.3110,-1.0410,9.4200,43.0690,-9.3460,-127.8140,-21.5830,44.1770,3.0550,2.6790,7.7810,-23.5020,30.8710,-35.2440,-171.1760,-16.0790,-47.1620,-2.4060,-3.4450,14.7030,-29.6570,-64.5860,5.7460,-14.5140,-9.6480,-34.7690,-1.0890,-9.3250,-3.4500,-2.0170,11.0390,-2.8590,-28.1280,-17.8130,-3.6140,-0.4480,-6.9140,7.4720,-8.8340,64.1960,7.7240,10.3850,-1.7190,5.3990,-4.1040,7.1160,5.1190
680,-15.4520,11.3060,8.2670,-41.8930,-17.3780,-2.6090,8.8130,3.5960,-1.7140,8.6940,40.4570,-8.5830,-134.4700,-36.0560,38.1160,5.5450,0.0380,12.5840,-24.2110,28.4760,-36.1890,-122.3510,-34.2010,-47.2380,-1.8100,-1.1400,11.5420,-30.2540,-64.7260,5.1220,-16.1940,-4.2580,-31.2270,-0.2390,-8.9450,-3.1940,-2.1270,10.7780,-2.8590,-22.7390,-15.5840,-3.2320,-1.0610,-6.3930,7.1040,-9.1130,64.5430,7.7240,11.1940,-2.9860,4.6970,-3.9460,7.6230,5.2620
700,-15.0810,11.4860,8.2670,-40.3660,-17.9120,-2.1200,9.2630,3.4790,-2.1160,8.1840,37.7620,-8.0690,-96.3640,-17.0030,25.7340,4.2880,0.7420,10.2090,-24.7260,26.7450,-36.7000,-89.0990,-24.5370,-25.5430,-0.3400,0.9410,7.8980,-30.6640,-64.9430,4.6140,-14.4690,-3.7090,-25.3640,-0.7690,-8.7800,-3.5700,-2.3830,10.4740,-2.8590,-22.4490,-15.1410,1.3780,-0.5410,-7.1830,7.6180,-9.3190,64.9170,7.7240,11.6820,-1.0770,4.2240,-4.1470,7.8960,5.3200
720,-14.6390,11.5780,8.2670,-44.0300,-19.1490,-1.8150,9.1200,3.7660,-2.2630,8.6940,36.0560,-7.5180,-80.5770,17.8820,27.5510,2.6430,1.7020,8.1070,-25.2990,24.3540,-37.0850,-100.0760,-17.1630,-19.2690,-0.3500,-1.6710,11.0040,-31.3830,-64.9170,4.1460,-12.0410,-10.1970,-23.4100,-0.0840,-9.3210,-3.0840,-2.5940,10.1490,-2.8590,-15.2120,-16.6830,-0.1630,-0.6490,-6.3880,5.9710,-9.4040,65.1810,7.7240,8.5070,3.0750,3.7350,-4.2760,7.8390,5.4060
740,-14.1940,11.3770,8.2670,-55.8320,-20.4930,0.3380,9.0210,3.9220,-2.2430,8.6870,34.7510,-7.1210,-68.2720,-0.0720,19.8260,4.7050,0.9100,10.4550,-25.8040,22.4130,-37.5390,-90.9160,-18.1100,-22.6880,-0.4330,-1.2760,10.2230,-31.6670,-65.3670,3.6940,-13.3690,5.6500,-22.6010,-0.4450,-8.4560,-4.4390,-2.5940,10.1490,-2.8590,-15.2120,-16.6830,-0.1630,-0.6490,-6.3880,5.9710,-9.6070,65.3900,7.7240,8.7360,-1.1380,3.5060,-4.0560,7.6380,5.4400
760,-13.8460,10.6420,8.2670,-76.9160,-18.9510,3.2850,9.3950,3.8400,-1.9560,8.9880,33.4070,-6.8680,-57.0810,11.8210,12.6650,3.1100,1.2450,9.1050,-25.8400,20.7500,-37.8080,-85.2520,-0.3080,-13.4520,-0.5290,-0.4410,8.2700,-31.9320,-65.2190,3.3000,-21.0490,7.1770,-19.6850,-0.4380,-10.7210,-2.4090,-3.0190,9.3470,-2.8590,-25.7470,-7.3550,-0.8960,-0.2940,-7.3930,7.5440,-9.7890,65.5220,7.7240,5.6820,-2.0540,0.6670,-4.3140,7.8910,5.6600
780,-13.9280,6.3940,8.3810,-87.0690,-15.0120,5.6970,9.3280,2.1160,1.5010,9.0120,32.5080,-6.6210,-53.2180,15.3940,12.3450,3.3760,1.6160,7.5470,-25.5610,18.5920,-37.9870,-109.9080,15.4630,-8.9780,-0.1530,-0.3500,7.0080,-31.9370,-65.4410,3.0690,-17.1560,16.8560,-11.5930,-0.6540,-9.3780,-3.7760,-3.0820,9.1730,-2.8590,-14.3270,-5.4460,-3.9190,-0.3690,-6.7830,6.7040,-9.9590,65.5350,7.7240,0.1250,-0.8640,-1.5620,-4.2430,7.8820,5.6790
800,-13.5440,6.3660,8.5050,-39.4500,-11.3170,6.2010,9.5460,3.7090,-1.5610,9.7610,30.7200,-6.3470,-67.4170,20.9050,13.7190,2.0880,0.2200,8.3990,-25.1240,16.1330,-38.1750,-125.0380,23.3710,-9.4060,-3.1790,-7.0770,16.4510,-32.0080,-65.6740,2.8960,-15.2930,19.1000,-8.6160,-0.2490,-8.6980,-3.7110,-2.9500,8.8900,-2.9720,-13.9760,-6.4840,-5.6600,-1.1230,-7.2380,6.5340,-9.9720,65.4440,7.7240,-0.5310,-0.6350,-1.6080,-4.5630,7.2780,5.5930
820,-13.0600,6.7020,8.5050,-22.5500,-10.6760,3.1010,8.7800,3.7250,-1.6210,9.7860,29.3720,-6.0540,-69.8140,1.4240,14.6200,3.7950,-1.6570,11.7650,-25.5540,14.8000,-38.5890,-57.0990,-21.8200,-20.6880,-0.8380,-2.7390,10.0100,-31.9310,-65.9490,2.7000,-15.9500,20.2000,-9.8220,-0.7370,-9.1100,-4.0580,-2.9640,8.6690,-2.9720,-14.3730,-7.6600,-2.7740,-0.7370,-7.5470,7.0920,-10.0680,65.4670,7.7240,2.4760,-1.2450,1.1400,-4.4530,7.6710,5.6740
840,-12.7770,6.9060,8.5050,-21.0990,-13.9430,1.4520,9.3730,3.6420,-1.3790,9.5020,28.0140,-5.9080,-41.6610,-5.9340,7.2910,3.9340,-0.3730,9.9960,-25.5540,14.8000,-38.5890,-57.0990,-21.8200,-20.6880,-0.8380,-2.7390,10.0100,-31.9510,-66.3240,2.5780,-13.0950,18.9480,-6.0820,-0.4840,-8.6330,-4.4870,-2.9640,8.6690,-2.9720,-14.3730,-7.6600,-2.7740,-0.7370,-7.5470,7.0920,-10.2900,65.5720,7.7240,5.4530,-4.0090,2.2090,-4.3340,8.0730,5.8560
860,-12.3800,7.5100,8.5050,-24.2140,-13.6380,1.2080,9.4910,3.8210,-2.1740,9.7440,27.2690,-5.6880,-39.1880,12.4170,11.0320,2.1260,0.8860,6.9980,-25.8840,13.1080,-38.8570,-55.6340,-3.7580,-5.0090,-0.0190,-1.6660,7.4320,-32.1620,-66.6080,2.4770,-14.6210,17.2840,-5.0440,0.0620,-8.7480,-4.1370,-3.2120,8.1100,-2.9720,-15.1050,-9.0650,0.6300,-0.0340,-7.8530,6.7420,-10.2770,65.6250,7.7240,2.0180,1.4420,1.2010,-4.6880,7.8530,5.6260
880,-11.8980,7.8180,8.5050,-37.7250,-12.8900,1.1010,8.8850,3.8670,-2.1690,9.3070,25.6780,-5.3600,-62.3480,-4.4380,16.3910,3.5910,-0.2300,8.0210,-26.0250,11.4150,-39.1700,-86.5040,-5.5450,-15.6500,-0.9530,-4.5110,11.1740,-32.4660,-66.8450,2.3700,-15.5680,17.1920,-5.3640,0.4020,-9.0140,-4.0610,-3.2120,8.1100,-2.9720,-15.1050,-9.0650,0.6300,-0.0340,-7.8530,6.7420,-10.4400,65.5220,7.7240,1.3620,-1.5660,1.6740,-4.1130,7.4170,5.8710
900,-11.8840,6.8510,8.5050,-44.8850,-13.7900,1.3610,9.4790,3.0860,-0.4020,8.6680,23.5710,-5.0800,-75.5700,-21.7660,13.9940,4.3450,-1.3380,10.2760,-26.2880,9.6820,-39.5950,-76.6720,-17.3770,-21.2530,-0.8760,-3.6870,9.9930,-32.7390,-66.9820,2.3700,-11.0790,16.3220,-4.5400,0.2470,-8.8800,-3.9890,-3.2770,7.8290,-2.9720,-12.0060,-3.4310,-4.2090,-0.3540,-7.0840,6.9860,-10.6750,65.6190,7.7240,4.4460,-4.2530,2.1780,-4.0270,7.7240,5.5350
920,-11.4980,7.1870,8.5050,-31.2820,-10.8280,-2.0130,9.3730,3.7760,-1.9110,8.1060,21.8100,-4.8210,-66.1340,-20.8660,12.9550,4.1990,-1.2230,10.0940,-26.5000,8.2290,-39.8230,-65.1910,-10.2780,-11.3910,-0.6490,-3.8640,9.9670,-32.9950,-67.0030,2.3700,-6.0720,9.6500,-3.1960,-0.2440,-9.0910,-4.0340,-3.2500,7.7650,-2.9720,-6.2200,-2.1790,-0.7590,-0.4020,-7.2780,6.5960,-10.7350,65.7410,7.7240,3.8650,0.5870,0.6970,-4.2430,7.6610,5.3290
940,-11.0510,7.2460,8.5050,-29.3430,-8.8440,-3.3110,8.7390,3.8160,-1.4560,7.7120,20.5410,-4.5640,-53.8900,-12.1790,12.8490,3.9310,-0.7330,9.2610,-26.6350,7.0030,-39.9600,-55.5420,-4.7810,-6.8410,-0.5550,-4.0610,10.0130,-33.5370,-67.0180,2.3700,-1.8430,1.8330,-1.9140,0.2680,-8.6720,-4.1400,-3.2040,7.7370,-2.9720,-5.7470,-2.7740,-1.4920,-0.4910,-6.9500,6.4070,-10.8500,65.8170,7.7240,3.6980,-0.5890,1.0640,-4.2140,7.7960,5.5740
960,-10.6590,7.4520,8.5050,-29.3130,-10.2790,-0.9290,9.0640,3.8430,-1.6880,7.4940,19.4090,-4.3630,-44.9440,-9.2020,10.0390,3.5940,-1.0080,9.1200,-26.6960,5.9950,-40.0880,-48.4430,-4.3390,-6.3980,-0.6370,-3.7010,9.0930,-33.9790,-67.1380,2.3700,-2.6210,3.3900,-2.0060,0.0860,-8.3750,-4.3410,-3.1970,7.5760,-2.9720,-11.8080,-2.7590,-1.6750,-0.3850,-7.5030,6.8160,-10.9370,65.8580,7.7240,2.5520,-1.4280,0.7740,-4.2860,7.6330,5.4920
980,-10.1950,7.5730,8.5050,-34.6560,-10.3550,0.7350,9.1220,4.1730,-1.8700,7.2110,18.3560,-4.1700,-42.7450,-8.6060,9.6270,3.9190,-1.0990,9.2300,-26.6940,4.9630,-40.0880,-50.5040,-0.0940,-3.8790,-0.5910,-3.8620,9.0980,-34.4460,-67.1900,2.3700,-4.7130,2.8710,-2.2650,0.1940,-8.8300,-4.1660,-3.1970,7.5760,-2.9720,-11.8080,-2.7590,-1.6750,-0.3850,-7.5030,6.8160,-11.0270,65.9090,7.7240,1.4070,-0.6960,0.4070,-4.2710,7.8190,5.4880
1000,-10.0690,6.7110,8.5050,-47.7560,-9.8970,1.9110,9.2460,3.3350,-0.5650,7.0740,17.3070,-3.9890,-43.6150,-5.5070,9.0620,3.4480,-1.1400,8.5980,-26.8080,3.7470,-40.0880,-55.0530,-0.4910,-4.5660,-0.3380,-4.4290,9.3090,-34.9150,-67.1930,2.3700,-3.7970,2.7950,-2.3110,0.2590,-8.8920,-4.0820,-3.1490,7.3910,-2.9720,-8.0980,-0.6980,-3.3240,-0.3520,-7.2880,6.6610,-11.2050,65.9110,7.7240,1.2240,-2.4670,0.5750,-4.0320,7.7240,5.5980
1020,-9.8700,6.2460,8.5050,-30.4580,-8.2330,0.9790,9.2150,3.4880,-0.6250,6.7860,16.0450,-3.8000,-45.9820,-11.1710,9.4900,4.0050,-1.9150,9.4480,-26.6650,2.5710,-40.0880,-52.7180,1.1120,-4.6430,-1.0060,-5.0590,10.0360,-35.2860,-67.2940,2.3700,-2.4990,3.4360,-1.6850,0.0120,-8.5090,-4.3740,-3.0460,7.3100,-2.9720,-6.6930,-1.3850,-1.9650,-0.6300,-7.3840,6.5390,-11.2740,65.9070,7.7240,1.1330,-0.6350,-0.0510,-4.2470,7.6230,5.5350
1040,-9.5240,6.5660,8.5050,-13.8010,-5.8510,-0.2270,9.2870,3.7680,-1.3020,6.5800,14.9400,-3.6020,-40.3480,-11.4310,9.8410,3.8280,-2.0020,9.5960,-26.6420,1.6880,-40.0880,-40.9920,0.2260,-2.6580,-0.6870,-4.7790,9.4500,-35.7840,-67.3380,2.3700,-2.7280,1.3140,-0.7840,0.3620,-8.6690,-4.2350,-3.0460,7.3100,-2.9720,-6.6930,-1.3850,-1.9650,-0.6300,-7.3840,6.5390,-11.2590,65.9390,7.7240,1.3770,0.6780,0.2090,-4.4720,7.6850,5.4540
1060,-9.0950,6.8840,8.5050,-9.9690,-3.5920,-2.2880,8.9660,3.8550,-1.2380,6.3140,14.1440,-3.4190,-31.1120,-8.8960,9.1690,4.0730,-1.7260,9.2220,-26.6610,1.0560,-40.0880,-31.3440,-0.5370,-2.4290,-0.5840,-4.5440,9.0600,-36.2160,-67.3770,2.3700,-2.0720,1.4970,-0.2800,0.2080,-8.6310,-4.2470,-3.0330,7.1530,-2.9720,-5.5020,-2.5150,-0.1790,-0.2850,-7.3980,6.4400,-11.3260,66.0170,7.7240,2.1860,-0.5580,0.7120,-4.3100,7.8820,5.4590
1080,-8.6930,7.2460,8.5050,-9.0840,-3.3480,-1.7380,9.2920,3.9290,-1.3220,6.2420,13.4860,-3.2660,-25.6460,-4.5910,7.6580,3.5430,-1.6540,8.7510,-26.6320,0.4880,-40.0880,-29.8020,0.0280,-2.4590,-0.6610,-4.3790,8.7100,-36.5980,-67.4120,2.3700,-2.0410,2.5510,0.6200,0.1600,-8.6740,-4.2640,-2.9700,7.1220,-2.9720,-5.7770,-1.3240,-0.6520,-0.5030,-7.4650,6.7130,-11.4040,66.0680,7.7240,2.3540,-1.7340,0.6360,-4.3100,7.7670,5.4880
1100,-8.2300,7.7410,8.5050,-8.9620,-3.3630,-1.2190,9.0860,4.0510,-1.5990,6.1140,12.7940,-3.1060,-27.4020,-4.4690,8.0090,3.7520,-1.7570,8.7340,-26.6220,-0.1400,-40.0880,-33.4500,2.3480,-1.4670,-0.4860,-4.3810,8.5500,-37.0190,-67.4910,2.3700,-1.8270,1.9710,0.3300,0.3040,-8.4130,-4.3240,-2.9690,7.0410,-2.9720,-5.4570,-3.1710,-1.1710,-0.3950,-7.2760,6.2660,-11.9070,66.0280,7.7240,1.4380,-1.9020,0.1480,-2.8830,8.2120,6.1200
1120,-7.9730,7.7920,8.5050,-9.6180,-4.3400,0.3230,9.2560,3.6820,-0.8640,6.0490,12.0490,-2.9250,-31.3100,-3.2470,9.0620,3.6440,-1.8080,8.7360,-26.5010,-0.9580,-40.0880,-38.3050,4.1040,-1.2070,-0.7730,-5.1600,9.1580,-37.3650,-67.5520,2.3700,-4.6980,3.9250,0.0100,0.2320,-8.7200,-4.2070,-2.9960,6.9050,-2.9720,-7.9760,-2.7290,-0.2550,-0.2850,-7.6900,6.5720,-11.9550,66.0190,7.7240,-0.3330,0.6330,-0.2950,-4.0560,7.5560,5.3680
1140,-7.6330,8.1770,8.5050,-4.6720,-3.6530,-0.8830,9.2180,3.8740,-1.2690,5.8900,11.1710,-2.7430,-31.7380,-4.8660,9.0930,4.0610,-2.3750,9.0480,-26.4620,-1.7810,-40.0880,-37.2210,1.8600,-1.5130,-0.6680,-5.3440,9.0210,-37.6680,-67.6350,2.3700,-5.7210,4.1080,0.0560,0.1460,-8.9090,-4.3240,-2.9530,6.8320,-2.9720,-5.9300,-2.4840,-0.7890,-0.5100,-7.5560,6.5460,-11.9590,66.0470,7.7240,0.4300,0.6940,0.2540,-4.2660,7.6900,5.3730
1160,-7.2210,8.7880,8.5050,-2.2440,-2.3250,-2.0740,9.2130,3.9980,-1.6260,5.7500,10.3900,-2.5760,-28.6380,-5.4460,8.3600,3.9910,-2.4010,9.0600,-26.4620,-1.7810,-40.0880,-37.2210,1.8600,-1.5130,-0.6680,-5.3440,9.0210,-38.0130,-67.7500,2.3700,-3.8270,2.9940,-0.0360,0.2540,-8.5640,-4.4290,-2.9530,6.8320,-2.9720,-5.9300,-2.4840,-0.7890,-0.5100,-7.5560,6.5460,-12.0070,66.0920,7.7240,1.7130,-0.2680,0.6970,-4.2860,7.9100,5.5500
1180,-6.8900,9.0580,8.5050,-4.4880,-1.6220,-3.2500,9.1510,3.8240,-1.1370,5.6350,9.7630,-2.4200,-24.5930,-3.8270,7.7650,4.0730,-2.3100,9.1700,-26.4690,-2.9960,-40.0880,-25.7560,1.3710,-1.2530,-0.6630,-5.5160,9.1820,-38.3590,-67.8250,2.3700,-3.5980,2.7800,0.4370,0.2870,-8.6310,-4.3450,-2.9900,6.7260,-2.9720,-6.4950,-2.6980,0.8290,-0.3020,-7.5300,6.5550,-12.0550,66.1350,7.7240,1.7280,-0.6040,0.3770,-4.2190,7.7570,5.4440
1200,-6.4420,9.6850,8.5050,-3.5880,-1.7900,-1.4640,9.1170,4.1200,-1.8120,5.4820,9.2530,-2.3100,-19.4630,-4.8350,5.5200,4.1680,-2.3510,9.1630,-26.4450,-3.3510,-40.0880,-19.7560,1.5090,-1.3750,-0.6370,-5.1860,8.8900,-38.6850,-67.8680,2.3700,-4.2240,2.6420,0.8040,0.2630,-8.7940,-4.2690,-3.0250,6.6400,-2.9720,-5.9910,-1.5530,0.6760,-0.1600,-7.5630,6.4520,-12.0040,66.1640,7.7240,-1.4320,3.7620,-0.5240,-4.2570,7.8190,5.2910
1220,-6.2110,9.8920,8.5050,-4.1530,-3.3630,-0.1510,9.3730,3.8020,-1.0850,5.4850,8.7600,-2.3100,-16.5930,-2.1480,3.7650,3.6060,-2.4110,8.6310,-26.3820,-3.7310,-40.0880,-18.2600,-0.0640,-2.5660,-0.8330,-5.1810,8.4280,-39.0240,-67.9210,2.3700,-2.8200,2.2000,0.3910,0.3180,-8.6070,-4.3260,-2.9950,6.5510,-2.9720,-5.9760,-0.8660,0.3100,-0.3470,-7.6690,6.5050,-12.0300,66.1430,7.7240,-0.1500,0.0370,-0.2340,-4.2660,7.7240,5.5260
1240,-5.8920,10.3500,8.5050,-1.4040,-2.3400,-0.7310,9.2920,3.9720,-1.4600,5.3940,8.2620,-2.3100,-16.4860,-3.6900,4.3600,3.8860,-2.5280,8.7170,-26.3680,-4.1820,-40.0880,-20.7790,0.3480,-1.2840,-0.6560,-5.2410,8.2670,-39.3430,-67.9800,2.3700,-2.9270,1.7420,0.3000,0.2710,-8.6890,-4.3910,-2.9730,6.4830,-2.9720,-3.6860,-1.3550,0.0810,-0.3470,-7.5540,6.2870,-12.0600,66.1530,7.7240,0.5980,-0.4510,0.0100,-4.2660,7.7280,5.4640
1260,-5.6080,10.7010,8.5050,-2.0150,-2.1720,-1.6160,9.1940,3.8740,-1.3070,5.3170,7.7650,-2.2060,-18.9280,-2.8960,5.2300,3.7900,-2.3940,8.4710,-26.3680,-4.1820,-40.0880,-20.7790,0.3480,-1.2840,-0.6560,-5.2410,8.2670,-39.6810,-68.0080,2.3700,-1.9500,1.5130,0.0860,0.3660,-8.6530,-4.3380,-2.9310,6.4890,-2.9720,-3.0440,-1.1870,-0.4990,-0.4120,-7.4120,6.4400,-12.0240,66.1150,7.7240,-0.5310,2.1590,-0.0810,-4.3140,7.6610,5.5210
1280,-5.2680,11.1120,8.5050,-1.7250,-1.4390,-2.2570,9.0930,4.0050,-1.4650,5.1960,7.2150,-2.2060,-20.0430,-6.0260,4.6650,4.0150,-2.7340,9.0290,-26.1960,-5.1240,-40.0880,-22.1680,1.5390,-1.2690,-1.0340,-5.9060,9.2100,-39.9610,-68.0320,2.3700,-1.8270,1.9250,0.2230,0.2390,-8.6840,-4.3480,-2.8990,6.4900,-2.9720,-2.3570,-0.9580,-0.1630,-0.3760,-7.6710,6.5740,-12.0410,66.1010,7.7240,0.8580,-0.2530,0.2850,-4.2380,7.5660,5.4680
1300,-4.9390,11.5270,8.5050,-3.0380,-1.2250,-1.8760,9.0430,3.9550,-1.5230,5.0650,6.7610,-2.2060,-15.9670,-6.6060,3.4750,4.0630,-2.7770,9.0760,-26.1830,-5.3930,-40.0880,-15.0380,-0.7510,-1.1310,-0.7570,-5.3100,8.3650,-40.2360,-68.0540,2.3700,-0.5910,1.1000,0.4070,0.2110,-8.7200,-4.4560,-2.8980,6.5160,-2.9720,0.0400,-1.4000,-0.3470,-0.2850,-7.4200,6.2680,-12.1130,66.1290,7.7240,1.6210,-0.5280,0.9110,-4.1280,7.7910,5.5160
1320,-4.7120,11.6670,8.5050,-3.6030,-1.9430,-1.7990,9.2150,3.8740,-1.1130,4.9380,6.4280,-2.2060,-12.0580,-5.2020,2.9100,3.8400,-2.4850,8.3650,-26.2560,-5.6570,-40.0880,-15.5270,-0.2010,0.0750,-0.4310,-5.1830,8.1710,-40.5290,-68.0250,2.3700,0.9660,0.5970,0.1170,0.2780,-8.5450,-4.2880,-2.8810,6.5610,-2.9720,-1.1670,-1.4310,0.1110,-0.3500,-7.4200,6.4690,-12.1200,66.2240,7.7240,1.4530,0.0370,0.5140,-4.2660,7.8050,5.2290
1340,-4.3500,12.0480,8.5050,-1.3280,-1.2410,-2.1660,8.8060,4.0920,-1.5080,4.8220,6.0930,-2.2060,-14.9440,-5.0030,4.4820,3.8980,-2.4160,8.5280,-26.2560,-5.6570,-40.0880,-15.5270,-0.2010,0.0750,-0.4310,-5.1830,8.1710,-40.8080,-67.9910,2.3700,-0.4230,0.3980,0.3460,0.2660,-8.6480,-4.2090,-2.8900,6.5840,-2.9720,-1.9300,-1.3700,0.2950,-0.2510,-7.3500,6.3810,-12.1540,66.2900,7.7240,0.4610,-0.4670,-0.1270,-4.2330,7.8670,5.2960
1360,-4.0410,12.3440,8.5050,-1.9390,-1.7290,-0.4250,9.0810,4.1400,-1.4340,4.7230,5.5400,-2.0970,-18.9590,-4.3160,5.4130,3.8810,-2.8610,8.3370,-26.2530,-6.0140,-40.0880,-20.4430,2.6080,0.7010,-0.5050,-5.3560,8.3510,-41.0520,-67.9690,2.3700,-1.7790,1.2970,0.0540,0.2440,-8.6790,-4.1710,-2.8900,6.5840,-2.9720,-1.9300,-1.3700,0.2950,-0.2510,-7.3500,6.3810,-12.1140,66.3040,7.7240,-1.5540,1.0750,-0.3100,-4.3000,7.6570,5.2000
1380,-3.7810,12.5910,8.5050,-3.2670,-2.3400,0.1550,9.1050,4.0700,-1.3930,4.5910,5.0410,-2.0970,-19.6920,-8.0720,4.4820,4.0800,-2.9760,9.0860,-26.2110,-6.4550,-40.0880,-22.9620,2.3940,-0.8560,-0.6800,-5.7460,8.6050,-41.2590,-67.9620,2.3700,-1.5810,1.6330,-0.5720,0.1770,-8.7100,-4.2500,-2.7490,6.6200,-2.9720,-2.0830,0.1720,-0.8660,-0.3930,-7.3890,6.3950,-12.1630,66.3120,7.7240,-0.8220,-1.1540,-0.1270,-4.2190,7.8000,5.3820
1400,-3.5690,12.6700,8.5050,-4.4430,-1.7750,0.4910,9.0000,3.9100,-1.1350,4.5110,4.7250,-1.9940,-16.1040,-7.3080,5.1840,3.8070,-2.5810,8.8180,-26.1180,-7.1790,-40.0880,-15.7400,3.0200,0.0600,-0.6610,-5.7530,8.1930,-41.4830,-67.9830,2.3700,-1.0920,1.0220,-0.6180,0.2320,-8.5950,-4.3430,-2.7310,6.5710,-2.9720,-3.3500,-0.0870,-0.6060,-0.2870,-7.5780,6.3730,-12.1660,66.2390,7.7240,-2.1040,0.8770,-0.4780,-4.3140,7.8390,5.6410
1420,-3.4050,12.7610,8.5050,-1.6640,-0.6760,1.3910,9.3970,3.8710,-1.0700,4.5380,4.2400,-1.9940,-13.7830,-3.9800,4.4970,3.4640,-3.1000,8.1160,-26.0300,-7.5400,-40.0880,-15.5420,-0.0640,-1.5740,-0.9390,-5.5470,7.6160,-41.6180,-68.0720,2.3700,-2.1920,2.4880,-0.1290,0.0570,-8.5880,-4.5250,-2.7310,6.5710,-2.9720,-3.3500,-0.0870,-0.6060,-0.2870,-7.5780,6.3730,-12.1570,66.2180,7.7240,-0.7760,-0.2530,-0.3410,-4.4290,7.8390,5.5450
1440,-3.0810,13.3950,8.5050,1.1150,0.6070,-0.2120,9.5050,4.1990,-2.0230,4.3530,3.7020,-1.8470,-18.0730,-11.2170,7.3220,3.8240,-3.1600,8.3250,-26.0800,-7.9860,-40.0880,-22.3660,-2.1250,-2.2910,-0.6630,-5.7600,8.0640,-41.7980,-68.1690,2.3700,-2.5730,1.7550,0.1760,0.1920,-8.6840,-4.5920,-2.6560,6.4320,-2.9720,-3.6400,-1.9960,0.6150,-0.3350,-7.4200,6.1220,-12.1700,66.2390,7.7240,0.0940,-0.1920,0.0100,-4.3140,7.8670,5.4590
1460,-2.8650,13.2870,8.5050,-3.1300,0.1640,-2.5170,8.7700,3.8790,-0.8690,3.9060,3.0980,-1.6620,-24.0430,-13.1710,9.2610,4.9970,-3.2660,8.8200,-26.0800,-7.9860,-40.0880,-22.3660,-2.1250,-2.2910,-0.6630,-5.7600,8.0640,-41.9240,-68.2340,2.3700,-3.4890,1.8010,-0.0530,0.0410,-8.8150,-4.4750,-2.6990,6.3670,-2.9720,-5.4110,-1.2940,1.3480,-0.1680,-7.6060,6.4720,-12.1340,66.2120,7.7240,-1.2640,1.5330,-0.2040,-4.3480,7.7720,5.4780
1480,-2.6460,13.6510,8.5050,-1.3890,-2.4160,-1.1280,9.0450,4.0460,-1.6090,3.7820,2.4860,-1.5150,-22.7150,-10.8500,7.3520,3.9120,-3.4360,8.6860,-25.9270,-8.4750,-40.0880,-25.9390,2.1800,-1.4060,-1.1970,-6.4430,9.0310,-42.0790,-68.2690,2.3700,-3.3980,1.7400,-0.0230,0.1630,-8.8870,-4.4130,-2.6650,6.2820,-2.9720,-4.3570,-0.7130,0.0500,-0.3950,-7.6490,6.3060,-12.1160,66.2000,7.7240,-1.0810,1.2740,0.1780,-4.2430,7.6850,5.3770
1500,-2.6260,13.6830,8.5050,-1.8320,-4.4620,-0.4560,9.3780,3.7680,-1.0370,3.6030,1.9840,-1.4060,-17.7380,-10.2240,5.4590,4.1950,-3.4670,8.6450,-25.9380,-9.2190,-40.0880,-16.4580,0.5470,-0.8110,-0.8480,-6.3760,8.5450,-42.2540,-68.2990,2.3700,-1.6570,1.1750,-0.3280,0.2230,-8.6960,-4.4340,-2.6710,6.2460,-2.9720,-3.1360,-1.6140,0.2950,-0.3210,-7.6280,6.3930,-12.1820,66.1720,7.7240,0.0940,-0.2070,0.8350,-4.1610,7.8870,5.6840
1520,-2.4890,14.0890,8.5050,2.1990,-2.8440,-1.4790,9.3090,3.9410,-1.5610,3.4780,1.6380,-1.4060,-12.5310,-4.8960,4.7720,4.4920,-3.4120,8.8200,-25.9710,-9.4300,-40.0880,-9.5880,1.1420,1.3270,-0.5240,-6.1360,8.0300,-42.4810,-68.3460,2.3700,-0.7410,0.5490,-0.0380,0.3900,-8.4950,-4.4700,-2.7440,6.1870,-2.9720,-3.2730,-2.4230,1.5160,-0.1340,-7.6470,6.3040,-12.2010,66.1550,7.7240,0.6440,0.7700,0.7740,-4.1800,7.7240,5.5690
1540,-2.3260,14.3720,8.5050,1.8780,-0.9510,-2.2880,9.1170,3.9050,-1.3910,3.4670,1.4220,-1.4060,-8.0580,1.3020,3.7950,4.2040,-3.0890,8.2220,-25.9750,-9.6040,-40.0880,-8.3820,2.3480,1.2510,-0.5270,-5.9760,7.8430,-42.7390,-68.3680,2.3700,-1.1800,0.4090,0.4360,0.5290,-8.6050,-4.4030,-2.7610,6.1380,-2.9720,-3.2890,-1.3090,0.7070,-0.2510,-7.6590,6.3540,-12.2180,66.1670,7.7240,0.4760,0.1140,0.5140,-4.2380,7.7910,5.4780
1560,-2.1160,14.6810,8.5050,0.3670,0.2860,-2.1200,8.9970,3.9360,-1.5130,3.5900,1.1330,-1.4060,-10.6230,4.2790,2.7880,3.9820,-3.2470,8.3200,-25.9750,-9.6040,-40.0880,-8.3820,2.3480,1.2510,-0.5270,-5.9760,7.8430,-42.9250,-68.3740,2.3700,-1.2720,1.1410,0.5430,0.3690,-8.6050,-4.3360,-2.7610,6.1380,-2.9720,-3.2890,-1.3090,0.7070,-0.2510,-7.6590,6.3540,-12.2740,66.1410,7.7240,0.1560,-0.9700,0.2090,-4.1280,7.6660,5.5260
1580,-1.9480,14.8620,8.5050,-0.9310,-0.7370,-1.0670,9.0290,3.9530,-1.3790,3.7400,0.7900,-1.4060,-13.1570,5.4240,3.0620,4.0580,-3.4000,8.5470,-25.7640,-10.0390,-40.0880,-11.8630,4.7760,1.3420,-0.8790,-6.2370,8.2030,-43.0400,-68.3750,2.3700,-1.9900,2.0570,0.5880,0.2180,-8.7360,-4.3290,-2.7770,6.0750,-2.9720,-3.0900,-0.6980,0.2030,-0.2470,-7.5660,6.3520,-12.3040,66.1660,7.7240,0.0940,-0.8480,-0.0050,-4.1370,7.6420,5.2910
1600,-1.7680,15.1210,8.5050,0.0760,-1.1640,-0.8530,9.0720,4.0510,-1.5280,3.8710,0.5000,-1.4060,-11.1570,3.8670,2.6650,3.9890,-3.4000,8.5350,-25.7360,-10.2100,-40.0880,-9.1450,3.1270,0.7930,-0.6420,-6.2390,8.1190,-43.1510,-68.3840,2.3700,-1.6380,1.6450,0.5580,0.1960,-8.6740,-4.3600,-2.7580,6.0950,-2.9720,-2.1890,-0.2100,0.2950,-0.3040,-7.5300,6.4500,-12.3280,66.2350,7.7240,0.0180,-0.4060,-0.0510,-4.2430,7.9490,5.3100
1620,-1.5870,15.3950,8.5050,0.1220,-1.7750,-0.8680,9.0570,4.1110,-1.5970,3.9450,0.2980,-1.4060,-7.5850,1.4700,1.7040,3.9820,-3.3570,8.4780,-25.7360,-10.2100,-40.0880,-9.1450,3.1270,0.7930,-0.6420,-6.2390,8.1190,-43.2870,-68.4110,2.3700,-0.9820,0.9740,0.2680,0.2680,-8.6260,-4.4560,-2.7580,6.0950,-2.9720,-2.1890,-0.2100,0.2950,-0.3040,-7.5300,6.4500,-12.3060,66.2320,7.7240,-0.3330,-0.6650,0.0100,-4.4200,7.7860,5.4640
1640,-1.5320,15.4150,8.5050,0.0150,-3.1030,-0.3030,9.2850,3.9820,-1.1660,3.9710,0.1500,-1.4060,-4.1800,-0.3770,0.0090,4.0200,-3.4210,8.4540,-25.5960,-10.3670,-40.0880,-3.8930,1.9820,-0.3680,-0.9190,-6.0140,7.7840,-43.4310,-68.4190,2.3700,-0.2490,0.9740,0.0390,0.3230,-8.6930,-4.4750,-2.6660,6.0800,-2.9720,-1.2890,-0.1180,-1.2020,-0.3970,-7.6140,6.4190,-12.3570,66.2310,7.7240,-0.0120,-1.3220,0.5750,-4.2140,7.8580,5.5260
1660,-1.4720,15.4920,8.5050,1.9090,-1.6220,-1.0360,9.4040,3.9550,-1.1990,4.0690,-0.0050,-1.4060,-4.8980,3.5160,0.9860,4.0200,-3.4140,8.4350,-25.5190,-10.4640,-40.0880,-5.5420,2.9900,0.8230,-0.8520,-6.2270,8.0370,-43.5280,-68.4400,2.3700,-0.0050,1.3400,-0.0830,0.2080,-8.5810,-4.4870,-2.6660,6.0800,-2.9720,-1.2890,-0.1180,-1.2020,-0.3970,-7.6140,6.4190,-12.3680,66.2430,7.7240,0.1710,-0.2990,0.4530,-4.3100,7.9150,5.5310
1680,-1.2550,15.7850,8.5050,2.8550,1.7820,-2.6540,9.0810,4.0800,-1.5780,4.2330,-0.2080,-1.4060,-7.0510,6.0350,2.1620,3.9220,-3.4480,8.3920,-25.4680,-10.5920,-40.0880,-6.7480,2.8680,0.5330,-0.8020,-6.4380,8.2310,-43.6800,-68.4650,2.3700,-0.3710,0.7900,-0.1140,0.3850,-8.5810,-4.4720,-2.6480,6.0800,-2.9720,-1.5180,-0.7590,-0.6980,-0.3470,-7.6710,6.4260,-12.3560,66.2600,7.7240,-0.1500,-0.2220,0.5450,-4.3340,7.8240,5.4160
1700,-1.0320,16.0020,8.5050,1.0540,2.1180,-3.3570,9.0410,4.1250,-1.5490,4.3860,-0.4500,-1.4060,-7.5540,3.5770,1.3680,3.8830,-3.6850,8.6290,-25.4510,-10.6930,-40.0880,-4.8240,1.1420,-0.3530,-0.7970,-6.4190,8.1090,-43.7860,-68.4970,2.3700,-0.4610,1.3360,0.0240,0.2970,-8.6550,-4.5390,-2.6380,6.0950,-2.9720,-0.6930,-0.6070,-0.8050,-0.3210,-7.6280,6.3760,-12.3840,66.2740,7.7240,0.1250,-0.5890,0.7890,-4.1800,7.7810,5.4200
1720,-0.9290,16.0200,8.5050,-1.0080,-0.3090,-2.7460,9.1170,3.9980,-1.2640,4.4440,-0.6320,-1.4060,-3.9970,-0.4840,0.1770,3.8330,-3.6540,8.3870,-25.4680,-10.7230,-40.0880,-2.6720,0.4250,0.0900,-0.7110,-6.2510,8.0490,-43.8590,-68.4690,2.3700,0.7450,0.8170,-0.3580,0.1650,-8.7100,-4.4220,-2.6500,6.1490,-2.9720,0.9250,-0.5150,-0.1790,-0.2390,-7.5870,6.3880,-12.3940,66.3090,7.7240,0.4610,-0.1770,0.8040,-4.1610,7.7190,5.3100
1740,-0.8440,16.0570,8.5050,-0.4270,-1.1950,-1.8450,9.1310,4.0200,-1.2930,4.4560,-0.6950,-1.4060,-2.0280,-0.2400,0.0700,3.9500,-3.3660,8.3340,-25.4700,-10.7580,-40.0880,-2.7330,0.7000,0.3960,-0.7230,-6.0670,7.7810,-43.9870,-68.4310,2.3700,1.7380,-0.7100,-0.3270,0.2780,-8.5880,-4.3910,-2.6410,6.2040,-2.9720,1.4900,-0.2550,-0.1480,-0.2940,-7.5560,6.3300,-12.4080,66.3430,7.7240,0.5980,0.0370,0.6670,-4.1850,7.8190,5.3920
1760,-0.7040,16.2500,8.5050,1.6640,-0.3400,-1.3870,9.0810,4.1130,-1.5250,4.4970,-0.7940,-1.4060,-3.8600,2.2490,0.4670,4.0510,-3.4050,8.3770,-25.4520,-10.8160,-40.0880,-3.8020,1.1730,-0.1390,-0.7710,-6.1510,7.8630,-44.1210,-68.4140,2.3700,1.7830,-0.4960,-0.0520,0.3350,-8.4970,-4.4200,-2.6410,6.2040,-2.9720,1.4900,-0.2550,-0.1480,-0.2940,-7.5560,6.3300,-12.4130,66.3650,7.7240,0.5220,-0.4210,0.8040,-4.2570,7.8150,5.4250
1780,-0.5840,16.3660,8.5050,2.4580,0.2400,-1.5550,9.0190,4.0390,-1.3670,4.6530,-0.9480,-1.4060,-5.4930,4.6150,0.7880,3.8280,-3.5480,8.4710,-25.4040,-10.8970,-40.0880,-3.9540,1.5090,0.1510,-0.8860,-6.3930,8.0330,-44.1640,-68.3950,2.3700,0.6230,0.9700,0.1000,0.1480,-8.6790,-4.4170,-2.6520,6.2810,-2.9720,-0.1890,-1.1260,-0.6830,-0.2870,-7.6260,6.4040,-12.4280,66.3830,7.7240,0.2320,-0.4060,0.7740,-4.1950,7.7860,5.3920
1800,-0.4100,16.5770,8.5050,2.6570,1.2020,-1.6620,8.9280,4.1080,-1.5590,4.7830,-1.0990,-1.4060,-4.7450,4.1570,0.7880,3.8860,-3.6180,8.4850,-25.4040,-10.8970,-40.0880,-3.9540,1.5090,0.1510,-0.8860,-6.3930,8.0330,-44.2010,-68.3760,2.3700,0.1800,0.9090,-0.2200,0.1440,-8.7580,-4.4150,-2.6520,6.2810,-2.9720,-0.1890,-1.1260,-0.6830,-0.2870,-7.6260,6.4040,-12.4180,66.3830,7.7240,-0.1960,-0.0090,0.8800,-4.2430,7.7380,5.4010
1820,-0.2890,16.6940,8.5050,0.7790,0.6520,-1.3260,8.9850,4.0390,-1.4560,4.7910,-1.1820,-1.4060,-2.6230,-0.2400,-0.1740,3.8930,-3.4450,8.2430,-25.4580,-10.9870,-40.0880,-2.4270,-0.3840,-0.5820,-0.6220,-6.1080,7.6540,-44.3180,-68.3590,2.3700,1.3400,0.0490,-0.4020,0.3730,-8.5380,-4.3960,-2.6870,6.3510,-2.9720,0.2990,-0.9120,-0.6520,-0.2130,-7.3740,6.2820,-12.4190,66.4100,7.7240,-0.4250,-0.3440,0.7890,-4.2330,7.8150,5.3200
1840,-0.1410,16.8070,8.5050,-0.7170,0.2400,-0.3340,8.8870,4.1370,-1.5470,4.7780,-1.2810,-1.4060,-4.1340,-0.7440,0.0390,4.0010,-3.4790,8.3920,-25.4470,-11.0640,-40.0880,-3.3440,0.4710,-0.8410,-0.8020,-6.3060,7.8390,-44.3610,-68.3430,2.3700,0.5310,0.9650,-0.0820,0.2040,-8.5710,-4.3530,-2.7120,6.3270,-2.9720,-1.1050,-0.3470,-0.2860,-0.1820,-7.6610,6.3280,-12.4130,66.3840,7.7240,-0.8220,-0.4670,0.2240,-4.3000,7.7860,5.4880
1860,-0.0750,16.7620,8.5050,-1.5380,-0.4480,0.9050,8.9930,4.0290,-1.2880,4.8320,-1.4410,-1.4060,-4.7910,-0.2850,-0.1900,3.8190,-3.6820,8.4180,-25.4120,-11.1200,-40.0880,-3.0380,0.4550,-1.2690,-0.8910,-6.2850,7.8750,-44.4010,-68.3380,2.3700,-0.2790,1.2250,0.2080,0.2300,-8.6690,-4.3840,-2.7120,6.3270,-2.9720,-1.1050,-0.3470,-0.2860,-0.1820,-7.6610,6.3280,-12.4330,66.3680,7.7240,-0.6690,-0.9400,0.4380,-4.1850,7.7190,5.4160
1880,-0.0530,16.7110,8.5050,0.3850,-1.0280,1.0110,9.1120,3.9960,-1.2160,4.9090,-1.5930,-1.4060,-4.3630,0.6310,-0.0670,3.8020,-3.7160,8.4280,-25.4240,-11.1760,-40.0880,-2.5950,0.0740,-0.2760,-0.7610,-6.3930,7.9460,-44.4110,-68.3300,2.3700,0.3930,1.2090,0.1930,0.1410,-8.7270,-4.4460,-2.6800,6.3500,-2.9720,-0.0650,-0.4840,-0.3120,-0.3140,-7.6330,6.3490,-12.4360,66.3090,7.7240,-0.4250,-0.2830,0.5290,-4.2520,7.7280,5.6220
1900,-0.0470,16.7880,8.5050,1.5760,-2.3410,0.8890,9.0690,3.9790,-1.3810,4.9130,-1.6610,-1.4060,-3.1730,-0.2550,0.6200,3.9410,-3.4840,8.3460,-25.4240,-11.1760,-40.0880,-2.5950,0.0740,-0.2760,-0.7610,-6.3930,7.9460,-44.5100,-68.3240,2.3700,0.7900,-0.3020,-0.3720,0.3590,-8.6020,-4.4200,-2.6800,6.3500,-2.9720,-0.0650,-0.4840,-0.3120,-0.3140,-7.6330,6.3490,-12.4260,66.3410,7.7240,-0.6230,-0.0240,0.4680,-4.2520,7.8480,5.3200
1920,-0.0510,16.8590,8.5050,1.6370,-3.1960,0.9350,9.1650,4.0580,-1.4100,4.9240,-1.7550,-1.4060,-3.6760,-0.4990,0.7420,3.9360,-3.5840,8.4060,-25.4020,-11.2770,-40.0880,-3.1300,0.6080,-0.2610,-0.8360,-6.2820,7.7960,-44.5720,-68.3140,2.3700,0.2820,0.1570,-0.7060,0.2850,-8.5880,-4.3570,-2.7580,6.3930,-2.9720,-0.5530,-1.1940,-0.2940,-0.1700,-7.4680,6.3230,-12.4470,66.3140,7.7240,-0.6690,-0.2830,0.6670,-4.1370,7.7330,5.4780
1940,-0.0310,16.9370,8.5050,1.3320,-1.9900,0.0650,9.1480,4.0530,-1.4410,4.9370,-1.8590,-1.4060,-4.2260,0.3100,1.0010,3.9580,-3.5720,8.3370,-25.4350,-11.3370,-40.0880,-3.5270,0.1040,-0.2610,-0.6750,-6.3250,7.9030,-44.6170,-68.2890,2.3700,0.3880,0.2330,-0.8240,0.2470,-8.6310,-4.3260,-2.7920,6.4080,-2.9720,-0.2470,-0.8890,-0.3400,-0.1800,-7.5130,6.3280,-12.4700,66.3050,7.7240,-0.5930,0.2200,0.5900,-4.0650,7.7190,5.4010
1960,0.0260,16.9890,8.5050,1.3930,0.0710,-0.7600,9.0450,4.0270,-1.4010,5.0020,-1.9020,-1.4060,-4.6230,1.6990,1.0780,3.7780,-3.3110,8.2460,-25.4260,-11.3480,-40.0880,-3.3590,0.1190,-0.5510,-0.8260,-6.2030,7.9970,-44.6780,-68.2630,2.3700,0.9350,-0.3790,-0.7440,0.2830,-8.6570,-4.3720,-2.7880,6.4640,-2.9720,0.1660,-0.1820,-0.3840,-0.2660,-7.3290,6.3300,-12.3760,66.2740,7.7240,-2.1190,4.2970,0.0410,-4.1850,7.6710,5.3390
1980,0.1890,17.1930,8.5050,2.4620,1.0020,-0.8360,8.8470,4.2090,-1.7020,5.0900,-1.9770,-1.4060,-4.0730,2.2030,1.0320,3.8210,-3.5480,8.4230,-25.4260,-11.3480,-40.0880,-3.3590,0.1190,-0.5510,-0.8260,-6.2030,7.9970,-44.7070,-68.2360,2.3700,0.9970,-0.5160,-0.5460,0.1750,-8.5140,-4.2930,-2.7900,6.4570,-2.9720,-0.5830,-0.4100,0.2130,-0.2610,-7.5470,6.2970,-12.3720,66.2790,7.7240,-1.0350,1.3500,-0.0660,-4.1610,7.8770,5.4250
2000,0.2500,17.2390,8.5050,2.2020,0.1630,-0.1790,8.9230,4.0340,-1.3980,5.1750,-2.0420,-1.4060,-3.0200,0.9660,0.9100,3.7450,-3.6060,8.4320,-25.3910,-11.4190,-40.0880,-2.3360,0.4250,0.1360,-0.8160,-6.4430,7.8770,-44.7480,-68.2540,2.3700,-0.4080,0.0640,-0.2710,0.2750,-8.5690,-4.3860,-2.7640,6.4450,-2.9720,-1.0680,-0.5610,-0.4450,-0.3780,-7.6420,6.4020,-12.3800,66.2430,7.7240,-1.2490,0.5100,-0.0200,-4.1710,7.7910,5.5210
2020,0.2170,17.1940,8.5050,2.6300,-0.7080,0.8740,9.2460,3.9500,-1.2210,5.2250,-2.1440,-1.4060,-2.7910,0.3710,0.7420,3.8640,-3.7800,8.4640,-25.3740,-11.4690,-40.0880,-2.4580,0.2260,0.3800,-0.8690,-6.5120,8.0280,-44.7740,-68.2840,2.3700,-0.9100,0.3990,-0.6050,0.2610,-8.6980,-4.4680,-2.7640,6.4450,-2.9720,-1.0680,-0.5610,-0.4450,-0.3780,-7.6420,6.4020,-12.3450,66.2200,7.7240,-1.1420,0.3580,0.1480,-4.3480,7.7960,5.4830
2040,0.2470,17.2900,8.5050,3.0570,0.1170,0.3550,9.2150,4.0630,-1.4800,5.2560,-2.2340,-1.4060,-2.4700,-0.0110,0.8030,3.8980,-3.7760,8.4490,-25.3970,-11.5060,-40.0880,-1.9690,-0.5220,0.0140,-0.7590,-6.3930,7.8910,-44.8090,-68.3120,2.3700,-0.1160,-0.1350,-0.9560,0.2750,-8.7170,-4.5300,-2.7770,6.4430,-2.9720,0.5830,-0.8180,-0.1370,-0.1990,-7.6060,6.2580,-12.3350,66.1820,7.7240,-0.7300,0.3430,0.4380,-4.2660,7.7810,5.5740
2060,0.2940,17.4150,8.5050,2.2630,-0.1880,-0.3170,8.9900,4.0370,-1.5560,5.2960,-2.3000,-1.4060,-2.3020,-0.4230,0.4970,3.7160,-3.6150,8.2290,-25.3950,-11.5740,-40.0880,-2.2140,-0.2780,-0.4440,-0.8140,-6.3420,7.6660,-44.8660,-68.3170,2.3700,0.6940,-0.4090,-0.7680,0.3450,-8.5930,-4.4390,-2.8080,6.4370,-2.9720,0.1250,-0.9860,-0.5340,-0.2060,-7.6330,6.3180,-12.3460,66.1670,7.7240,-0.8220,0.0830,0.5290,-4.2190,7.8630,5.5310
2080,0.2140,17.3100,8.5050,1.0110,-1.7760,0.1720,9.2220,3.8880,-1.1900,5.3280,-2.3990,-1.4060,-2.8980,-0.7890,0.1620,3.8400,-3.8120,8.4640,-25.3560,-11.6550,-40.0880,-2.3210,0.4710,-0.2610,-0.9310,-6.6130,7.9150,-44.8850,-68.3200,2.3700,-0.0390,0.4000,-0.8750,0.2830,-8.6840,-4.4240,-2.8080,6.4370,-2.9720,0.1250,-0.9860,-0.5340,-0.2060,-7.6330,6.3180,-12.3400,66.1430,7.7240,-1.0050,-0.2680,0.4680,-4.2140,7.6660,5.4200
2100,0.1620,17.3370,8.5050,1.5300,-1.5170,-0.4700,9.2940,3.9550,-1.4050,5.3500,-2.5140,-1.4060,-2.1960,-0.2700,0.3750,3.9240,-3.9260,8.4370,-25.3690,-11.6990,-40.0880,-1.0990,-0.5830,-0.1390,-0.7950,-6.4400,7.7690,-44.9260,-68.3390,2.3700,0.3280,0.0320,-1.1460,0.3500,-8.6650,-4.5030,-2.8430,6.4750,-2.9720,2.5370,-1.5660,-0.3200,-0.1920,-7.5250,6.3180,-12.3330,66.1110,7.7240,-0.1350,0.4340,0.8650,-4.2430,7.7670,5.5980
2120,0.1560,17.4330,8.5050,1.2710,-0.2650,-1.7520,9.2150,3.9650,-1.5370,5.3670,-2.5660,-1.4060,-1.0510,0.2790,0.6960,3.8980,-3.7370,8.3080,-25.4160,-11.7240,-40.0880,-0.7480,-0.9800,-0.0470,-0.7020,-6.4520,7.8480,-44.9840,-68.3150,2.3700,1.6250,-1.0220,-0.9010,0.3540,-8.6890,-4.4440,-2.8990,6.5310,-2.9720,2.9800,-0.9860,0.2290,-0.1080,-7.5940,6.3370,-12.3310,66.0790,7.7240,0.4300,0.8620,0.8960,-4.1710,7.7090,5.6070
2140,0.2190,17.5190,8.5050,1.2560,1.3690,-2.7290,9.0450,4.0440,-1.5630,5.3970,-2.6030,-1.4060,-0.9280,0.9360,0.4360,3.8910,-3.7010,8.3150,-25.4610,-11.7320,-40.0880,-0.1980,-1.0100,-0.3070,-0.6900,-6.2940,7.6830,-45.0740,-68.2920,2.3700,2.5410,-1.6320,-0.5960,0.4380,-8.4850,-4.4050,-2.9140,6.6260,-2.9720,3.0870,-0.8640,-0.4430,-0.2370,-7.3930,6.3570,-12.3480,66.0700,7.7240,0.7050,0.4190,0.9260,-4.1040,7.6950,5.5260
2160,0.2840,17.6100,8.5050,1.2860,1.6740,-2.7900,8.9380,4.0010,-1.5660,5.4220,-2.6130,-1.4060,-1.1570,0.7680,0.2380,3.8760,-3.6010,8.3170,-25.4950,-11.7360,-40.0880,-0.5950,-0.1400,0.1820,-0.6630,-6.3040,7.7640,-45.1410,-68.2810,2.3700,2.0070,-0.9450,-0.1690,0.4190,-8.4350,-4.3810,-2.9460,6.6710,-2.9720,1.5140,-1.0620,-0.1680,-0.1920,-7.4630,6.3470,-12.3840,66.0580,7.7240,0.3690,0.5560,0.5140,-4.0220,7.7240,5.5310
2180,0.3200,17.6310,8.5050,1.5000,0.9110,-1.9660,9.0290,4.0460,-1.4720,5.4440,-2.6410,-1.4060,-1.8440,1.5770,0.6650,3.9050,-3.5890,8.2360,-25.4950,-11.7360,-40.0880,-0.5950,-0.1400,0.1820,-0.6630,-6.3040,7.7640,-45.2000,-68.2870,2.3700,0.6480,-0.5180,0.0150,0.4430,-8.5230,-4.3860,-2.9460,6.6710,-2.9720,1.5140,-1.0620,-0.1680,-0.1920,-7.4630,6.3470,-12.3870,66.0630,7.7240,-0.1350,0.5410,-0.0050,-4.1470,7.7670,5.4490
2200,0.3950,17.6670,8.5050,0.9200,0.8040,-1.2790,8.8320,4.1080,-1.5470,5.4970,-2.6750,-1.4060,-2.0580,1.3020,0.6960,3.8040,-3.6390,8.3200,-25.5310,-11.7540,-40.0880,-0.6080,0.2420,-0.0180,-0.6080,-6.3140,7.8390,-45.2190,-68.2650,2.3700,0.0650,-0.5460,0.0450,0.3230,-8.6410,-4.2950,-3.0040,6.7490,-2.9720,0.4290,0.0100,0.4270,-0.0890,-7.4200,6.4240,-12.3630,66.1000,7.7240,-0.1190,0.3270,-0.1420,-4.2140,7.7190,5.2860
2220,0.3820,17.5480,8.5050,-0.6530,-0.3720,-0.6830,8.9950,4.0200,-1.3170,5.5100,-2.6890,-1.4060,-1.0510,-0.6670,-0.2810,3.7660,-3.6060,8.2290,-25.5250,-11.7360,-40.0880,-0.6350,-0.1410,-0.5820,-0.8000,-6.2420,7.8100,-45.2420,-68.2200,2.3700,0.7670,-0.6350,0.1980,0.3420,-8.6570,-4.2620,-2.9730,6.8180,-2.9720,0.6860,0.8500,-0.1400,-0.2780,-7.3210,6.4360,-12.3830,66.1030,7.7240,-0.0730,-0.3290,-0.1880,-4.1130,7.7050,5.4110
2240,0.3870,17.4600,8.5050,0.2170,0.3920,-0.3020,9.0930,4.0850,-1.3620,5.5220,-2.6870,-1.4060,-1.4020,-0.2240,-0.0220,3.8310,-3.5700,8.3170,-25.4750,-11.7280,-40.0880,-1.4870,0.7460,0.3670,-0.8980,-6.2010,7.7960,-45.2310,-68.2410,2.3700,1.1940,-0.6960,0.1520,0.2250,-8.3200,-4.3690,-2.9730,6.8180,-2.9720,0.6860,0.8500,-0.1400,-0.2780,-7.3210,6.4360,-12.3970,66.1140,7.7240,-0.6230,0.2200,-0.6920,-4.0940,7.7520,5.3730
2260,0.4320,17.3940,8.5050,0.9950,2.1300,0.0210,8.9760,4.0630,-1.3670,5.6130,-2.7260,-1.4060,-3.0200,1.5310,1.1080,3.6540,-3.6060,8.3100,-25.4260,-11.7570,-40.0880,-2.7390,1.4170,0.8860,-0.8740,-6.3950,7.9660,-45.2070,-68.2640,2.3700,-0.5160,-0.4210,0.1360,0.2130,-8.5450,-4.3670,-2.9090,6.8360,-2.9720,-1.6160,0.0070,0.6360,-0.3730,-7.5200,6.4090,-12.3540,66.1000,7.7240,-1.4480,0.6940,-1.0130,-4.2860,7.7240,5.3870
2280,0.4750,17.2940,8.5050,1.3460,2.2370,1.0280,9.0690,4.1320,-1.3260,5.6980,-2.8050,-1.4060,-3.6150,1.0730,1.2000,3.6990,-3.7710,8.4180,-25.3670,-11.8290,-40.0880,-2.7080,0.9290,0.4130,-0.9390,-6.4140,7.7240,-45.1740,-68.3090,2.3700,-1.6890,-0.0530,-0.1850,0.2180,-8.7320,-4.4630,-2.9090,6.8360,-2.9720,-1.6160,0.0070,0.6360,-0.3730,-7.5200,6.4090,-12.3100,66.0680,7.7240,-1.6460,0.4800,-0.5090,-4.3860,7.8340,5.5260
2300,0.4650,17.2280,8.5050,1.0260,1.6570,1.2420,9.2300,4.0390,-1.3620,5.7590,-2.8990,-1.4060,-3.3560,0.4630,1.0470,3.7610,-3.8670,8.4420,-25.3670,-11.8290,-40.0880,-2.7080,0.9290,0.4130,-0.9390,-6.4140,7.7240,-45.1090,-68.3620,2.3700,-1.5360,0.5890,-0.4140,0.1560,-8.6980,-4.5010,-2.9120,6.7790,-2.9720,-0.9290,-0.6500,0.1170,-0.2990,-7.5850,6.3880,-12.3060,66.0340,7.7240,-1.3100,0.5410,-0.1270,-4.1710,7.7240,5.4920
2320,0.3970,17.1350,8.5050,1.1780,-0.0220,0.2800,9.3640,4.0250,-1.3120,5.7610,-2.9370,-1.4060,-1.7830,-0.5140,0.7570,3.8670,-3.7660,8.3870,-25.3070,-11.9140,-40.0880,-1.1360,0.3180,0.5960,-0.8480,-6.3490,7.6830,-45.1560,-68.3840,2.3700,-0.4370,-0.2360,-0.6280,0.4880,-8.6020,-4.4170,-2.9370,6.7900,-2.9720,-0.5780,-1.1380,0.1330,-0.2320,-7.5150,6.4600,-12.3260,66.0420,7.7240,-0.4700,0.5560,0.3310,-4.1520,7.9200,5.5260
2340,0.3620,17.1500,8.5050,2.0030,-0.0070,-0.6050,9.1290,4.0050,-1.4560,5.8260,-2.9830,-1.4060,-1.8750,0.2950,1.0780,3.6820,-3.7880,8.3630,-25.2980,-11.9590,-40.0880,-1.7620,0.7000,1.0540,-0.8040,-6.5790,7.9340,-45.1240,-68.3890,2.3700,-0.4650,0.0860,-0.3040,0.2510,-8.7150,-4.4080,-2.9930,6.7640,-2.9720,-0.5020,-1.3520,0.4380,-0.1390,-7.7400,6.4640,-12.2920,66.0130,7.7240,-0.7150,0.8160,0.3310,-4.2660,7.7090,5.5110
2360,0.3120,17.1670,8.5050,2.0480,-0.6940,-0.4220,9.2060,4.0370,-1.4750,5.7820,-3.0160,-1.4060,-1.3710,-0.8660,0.6810,3.9940,-3.7680,8.3320,-25.2910,-12.0100,-40.0880,-1.1660,0.1200,0.4590,-0.8330,-6.5630,7.8120,-45.1360,-68.3960,2.3700,-0.0200,-0.4640,-0.7300,0.3810,-8.7510,-4.4700,-3.0250,6.7650,-2.9720,0.2310,-1.1380,-0.0350,-0.1940,-7.5350,6.3540,-12.2860,66.0200,7.7240,-0.5160,0.4950,0.6360,-4.1800,7.7620,5.4200
2380,0.2500,17.1580,8.5050,1.5450,-0.3740,-0.7580,9.3090,4.0170,-1.4480,5.7860,-3.0530,-1.4060,-1.2490,-0.2850,0.4970,3.9050,-3.8430,8.4250,-25.2910,-12.0100,-40.0880,-1.1660,0.1200,0.4590,-0.8330,-6.5630,7.8120,-45.1710,-68.4370,2.3700,0.6210,-0.2940,-0.6190,0.4690,-8.5070,-4.5270,-3.0250,6.7650,-2.9720,0.2310,-1.1380,-0.0350,-0.1940,-7.5350,6.3540,-12.2930,66.0060,7.7240,0.2170,0.8010,0.3770,-4.1420,7.7670,5.5690
2400,0.2170,17.1400,8.5050,1.3000,0.9390,-1.6590,9.1870,3.9890,-1.4370,5.8360,-3.0860,-1.4060,-1.3710,1.5010,1.3220,3.8040,-3.7830,8.3170,-25.3480,-12.0670,-40.0880,-0.7390,0.3940,1.4050,-0.6370,-6.5170,7.8150,-45.1690,-68.4230,2.3700,0.0990,-0.4300,0.1620,0.3500,-8.6960,-4.3720,-3.1110,6.7510,-2.9720,-0.5930,-1.0310,1.1550,-0.1080,-7.5680,6.3900,-12.2790,66.0560,7.7240,0.6140,1.2740,-0.0510,-4.1800,7.8630,5.4010
2420,0.2130,17.1030,8.5050,0.9640,1.0310,-2.0250,9.0670,4.0460,-1.4410,5.8530,-3.0810,-1.4060,-1.2640,1.1950,0.9860,3.9000,-3.6730,8.3560,-25.3280,-12.0750,-40.0880,-0.3420,0.1040,0.4280,-0.8690,-6.4670,7.8270,-45.1810,-68.3790,2.3700,0.2970,-0.9620,0.5430,0.3710,-8.7150,-4.2760,-3.0970,6.7570,-2.9720,-0.4410,0.0220,0.8650,-0.2710,-7.4910,6.4040,-12.2860,66.0380,7.7240,0.5070,0.8460,0.0100,-4.1710,7.8050,5.6310
2440,0.1940,17.0790,8.5050,0.6740,0.4660,-1.6280,9.0140,4.0100,-1.4600,5.8790,-3.1010,-1.4060,-0.5620,0.0810,0.1920,3.8020,-3.8210,8.3610,-25.3280,-12.0750,-40.0880,-0.3420,0.1040,0.4280,-0.8690,-6.4670,7.8270,-45.1840,-68.3480,2.3700,0.9540,-0.9770,0.5130,0.3470,-8.6410,-4.3360,-3.0970,6.7570,-2.9720,-0.4410,0.0220,0.8650,-0.2710,-7.4910,6.4040,-12.2750,66.0890,7.7240,0.4460,0.6330,0.0710,-4.1900,7.8190,5.3440
2460,0.1390,16.9830,8.5050,0.5520,-1.0910,-1.0330,9.0640,4.0490,-1.3650,5.8670,-3.0560,-1.4060,-0.1770,-0.6070,0.2220,3.8120,-3.5670,8.2550,-25.3180,-12.0720,-40.0880,-0.9090,1.3730,0.8840,-0.7850,-6.4240,7.7480,-45.1800,-68.3610,2.3700,0.5410,-0.5800,0.4520,0.3540,-8.4680,-4.3810,-3.1470,6.7320,-2.9720,-2.0400,-0.6930,0.3990,-0.2130,-7.4790,6.3780,-12.2690,66.0820,7.7240,-0.1650,0.4340,-0.1120,-4.1850,7.7330,5.4730
2480,0.1050,16.9950,8.5050,0.8420,-0.7090,-0.4370,9.0930,4.0650,-1.5390,5.8760,-3.0920,-1.4060,-1.9480,0.5570,0.6020,3.8930,-3.7780,8.3490,-25.3180,-12.0720,-40.0880,-0.9090,1.3730,0.8840,-0.7850,-6.4240,7.7480,-45.1610,-68.3850,2.3700,-1.0800,0.6290,0.3730,0.3930,-8.5660,-4.3530,-3.1870,6.6860,-2.9720,-3.0930,-0.6170,0.2460,-0.1170,-7.5990,6.4880,-12.2990,66.0770,7.7240,-0.5010,0.0220,-0.1730,-4.1080,7.8150,5.4970
2500,0.0690,16.9240,8.5050,0.0330,0.8480,-0.6210,9.1270,3.9960,-1.4080,5.9380,-3.1360,-1.4060,-2.2530,1.0300,0.3270,3.7210,-3.8000,8.3510,-25.2370,-12.1470,-40.0880,-1.2450,0.8840,-0.0320,-0.8710,-6.4160,7.6930,-45.1070,-68.4120,2.3700,-1.3090,1.0260,0.5560,0.3060,-8.6980,-4.4200,-3.1840,6.6580,-2.9720,-1.8110,-0.3570,0.0790,-0.2490,-7.4720,6.3400,-12.3150,66.0920,7.7240,-0.3940,-0.0390,-0.0510,-4.1710,7.8630,5.4540
2520,0.0590,16.8770,8.5050,0.3540,1.7330,-1.1400,9.0550,3.9940,-1.4370,5.9950,-3.1980,-1.4060,-2.2990,1.2740,0.3730,3.7590,-3.8620,8.3410,-25.2020,-12.1920,-40.0880,-1.3520,0.9760,0.1970,-0.8860,-6.5580,7.8150,-45.0390,-68.4420,2.3700,-0.3620,0.5830,0.2970,0.2270,-8.6050,-4.4630,-3.1820,6.6130,-2.9720,-2.0090,-0.2200,0.2620,-0.2370,-7.6280,6.4020,-12.3100,66.0870,7.7240,-0.3790,0.1290,-0.0510,-4.2040,7.7620,5.4640
2540,0.0110,16.7620,8.5050,1.0870,1.1840,-0.8040,9.1480,3.9840,-1.3020,6.0730,-3.2630,-1.4060,-2.0390,1.4420,0.3120,3.7370,-3.9600,8.4590,-25.1770,-12.2210,-40.0880,-0.2980,0.3650,0.4100,-0.8880,-6.5310,7.7520,-45.0120,-68.4540,2.3700,-0.3910,0.4430,0.1120,0.3620,-8.6530,-4.4150,-3.1760,6.5940,-2.9720,-1.0930,-0.5710,0.1090,-0.2750,-7.5420,6.3660,-12.2900,66.0790,7.7240,-0.0580,0.3580,0.2850,-4.2570,7.7570,5.5020
2560,-0.0330,16.7210,8.5050,1.2700,0.2070,-1.5060,9.1820,4.0510,-1.4390,6.0470,-3.2540,-1.4060,-0.2830,-0.1150,0.2820,3.8950,-3.7250,8.2460,-25.1590,-12.1910,-40.0880,0.0220,0.4110,0.6390,-0.8450,-6.2390,7.6970,-44.9910,-68.4740,2.3700,0.2520,-0.0180,0.2950,0.3470,-8.5110,-4.4220,-3.2020,6.6180,-2.9720,-0.8490,-0.4640,0.5820,-0.1530,-7.3740,6.4000,-12.2970,66.0920,7.7240,0.3390,0.5720,0.1930,-4.1520,7.8190,5.4920
2580,-0.0120,16.7230,8.5050,0.8730,0.8480,-1.7810,8.9300,4.1130,-1.5490,6.0750,-3.2370,-1.4060,-1.2900,0.6800,0.6920,3.7680,-3.6680,8.3290,-25.1550,-12.2130,-40.0880,-1.1230,0.8060,0.5900,-0.7830,-6.4380,7.7690,-44.9480,-68.4690,2.3700,0.0680,-0.1400,0.3540,0.2730,-8.5660,-4.3430,-3.2020,6.6180,-2.9720,-0.8490,-0.4640,0.5820,-0.1530,-7.3740,6.4000,-12.2730,66.0930,7.7240,-0.1190,0.6940,-0.2950,-4.2040,7.7000,5.4160
2600,0.0190,16.7000,8.5050,1.0710,1.1070,-1.3530,8.9730,4.1800,-1.5280,6.1160,-3.2660,-1.4060,-2.4190,1.3820,0.6770,3.7900,-3.7660,8.3490,-25.1300,-12.1960,-40.0880,-0.9550,0.5610,-0.0810,-0.8760,-6.3180,7.8240,-44.9280,-68.4600,2.3700,-0.3140,-0.2920,-0.0140,0.3470,-8.6960,-4.3650,-3.2130,6.6220,-2.9720,-0.5740,0.6810,0.3080,-0.2560,-7.4680,6.3970,-12.2940,66.1260,7.7240,-0.2110,0.0520,-0.4170,-4.0850,7.7810,5.3340
2620,0.0200,16.6060,8.5050,0.7200,0.8630,-0.8040,9.0480,4.1640,-1.4170,6.1430,-3.2660,-1.4060,-1.8700,0.7410,0.2500,3.8210,-3.7490,8.4420,-25.1300,-12.1960,-40.0880,-0.9550,0.5610,-0.0810,-0.8760,-6.3180,7.8240,-44.9040,-68.4730,2.3700,0.2520,-0.4890,0.0320,0.3210,-8.5470,-4.4170,-3.2130,6.6220,-2.9720,-0.5740,0.6810,0.3080,-0.2560,-7.4680,6.3970,-12.3010,66.1360,7.7240,-0.1960,0.1290,-0.6310,-4.1520,7.7810,5.4250
2640,0.0120,16.4840,8.5050,0.2470,0.8630,-0.6970,8.8610,4.0610,-1.3500,6.2020,-3.2650,-1.4060,-1.1060,-0.1140,0.0360,3.6130,-3.7730,8.3800,-25.0660,-12.1940,-40.0880,-0.2220,0.8360,0.0870,-0.9050,-6.4380,7.7840,-44.8970,-68.4810,2.3700,0.3730,-0.7150,0.3220,0.3710,-8.5900,-4.4270,-3.1480,6.6270,-2.9720,-0.5100,1.0440,0.0010,-0.2470,-7.5440,6.3420,-12.2780,66.1160,7.7240,-0.4250,-0.2220,-0.6010,-4.2810,7.7000,5.4780
2660,-0.0730,16.2460,8.5050,0.3540,0.4360,-0.1470,9.2180,4.0250,-1.1470,6.2360,-3.2970,-1.4060,-1.0450,-0.0070,-0.1320,3.7130,-3.8880,8.3490,-25.0140,-12.2460,-40.0880,-0.5120,0.7750,0.3000,-0.9770,-6.5630,7.6780,-44.8340,-68.5010,2.3700,-0.0710,0.3720,0.4730,0.2560,-8.6410,-4.4680,-3.0870,6.5930,-2.9720,-0.8770,0.8300,-0.1520,-0.3930,-7.6300,6.3590,-12.2840,66.0850,7.7240,-0.4250,-0.2830,-0.5240,-4.2230,7.7720,5.5740
2680,-0.1140,16.1100,8.5050,0.9340,1.0000,-0.3920,9.1100,4.0610,-1.2950,6.2980,-3.3530,-1.4060,-1.2740,0.2060,0.2500,3.6440,-3.9820,8.3800,-25.0140,-12.2460,-40.0880,-0.5120,0.7750,0.3000,-0.9770,-6.5630,7.6780,-44.7810,-68.5610,2.3700,-0.1780,0.2640,0.3480,0.2800,-8.5590,-4.5780,-3.0870,6.5930,-2.9720,-0.8770,0.8300,-0.1520,-0.3930,-7.6300,6.3590,-12.2340,66.0470,7.7240,-0.2570,0.3270,-0.3100,-4.3860,7.7190,5.5830
2700,-0.1660,15.9860,8.5050,1.5750,1.0920,-0.6970,9.0880,4.0080,-1.2740,6.3790,-3.4040,-1.4060,-1.7320,1.0310,0.8450,3.6270,-3.9500,8.4040,-24.9140,-12.3340,-40.0880,-1.1650,0.1180,0.7870,-0.9720,-6.6610,7.8770,-44.7110,-68.5800,2.3700,-0.1470,-0.0890,-0.0500,0.1990,-8.6620,-4.4800,-3.0780,6.5460,-2.9720,-0.2780,-0.6820,0.9290,-0.2010,-7.6470,6.3110,-12.1870,66.0340,7.7240,-0.2110,0.9990,0.0560,-4.3100,7.7280,5.4970
2720,-0.2680,15.8720,8.5050,1.8190,0.0690,-0.8340,9.3110,3.9910,-1.2760,6.4130,-3.4340,-1.4060,-1.0000,0.5420,0.9830,3.7470,-3.9220,8.3730,-24.9140,-12.3340,-40.0880,-1.1650,0.1180,0.7870,-0.9720,-6.6610,7.8770,-44.6850,-68.5800,2.3700,0.4340,-0.9890,-0.3250,0.2940,-8.7220,-4.4840,-3.0780,6.5460,-2.9720,-0.2780,-0.6820,0.9290,-0.2010,-7.6470,6.3110,-12.1650,65.9940,7.7240,0.0790,1.1210,0.2850,-4.2470,7.7520,5.6500
2740,-0.3310,15.8200,8.5050,1.4840,0.5730,-1.7200,9.2130,4.0220,-1.3930,6.4150,-3.4170,-1.4060,0.0540,0.1450,0.5860,3.8090,-3.8210,8.3560,-24.9590,-12.3500,-40.0880,0.5140,-0.1270,0.4820,-0.7880,-6.4240,7.7190,-44.7260,-68.5480,2.3700,1.5790,-1.4780,-0.1260,0.4910,-8.5400,-4.3480,-3.1170,6.5650,-2.9720,0.3460,-0.1920,0.2710,-0.1360,-7.4840,6.3950,-12.1930,65.9920,7.7240,0.4610,0.5870,0.4070,-4.0850,7.8000,5.5590
2760,-0.3210,15.8490,8.5050,1.0560,1.0000,-2.1020,8.8440,4.0510,-1.5510,6.4200,-3.3780,-1.4060,-0.1600,0.2970,0.5370,3.7470,-3.6800,8.2600,-25.0190,-12.3690,-40.0880,-0.0530,0.2860,0.3730,-0.6150,-6.5480,7.7720,-44.7480,-68.5540,2.3700,1.0760,-0.6990,0.3470,0.4910,-8.5190,-4.4390,-3.1610,6.5570,-2.9720,0.0230,-0.2520,0.7430,-0.0960,-7.5630,6.3420,-12.1990,65.9840,7.7240,0.0030,0.5260,0.0100,-4.1900,7.8390,5.5740
2780,-0.3580,15.8470,8.5050,0.1550,-1.5800,-0.5900,8.9590,4.1280,-1.5610,6.3860,-3.3600,-1.4060,-0.6170,-0.8340,-0.4280,3.8140,-3.7180,8.2430,-25.0050,-12.3790,-40.0880,0.1760,-0.0800,-1.1230,-0.9050,-6.5270,7.7720,-44.7670,-68.5030,2.3700,0.3580,-0.2560,0.1640,0.5200,-8.6690,-4.2450,-3.1470,6.5740,-2.9720,-0.2360,0.3750,-0.3910,-0.2560,-7.5920,6.5070,-12.2220,65.9830,7.7240,-0.0730,-0.4060,0.1320,-4.1130,7.7090,5.4490
2800,-0.5030,15.7220,8.5050,-0.3640,-3.5950,0.6010,9.2920,4.0730,-1.3580,6.3270,-3.3610,-1.4060,0.0090,-2.0100,-1.6030,3.9120,-3.8880,8.3750,-25.0180,-12.3840,-40.0880,0.6800,-0.2940,-1.1690,-0.8140,-6.4810,7.6850,-44.7220,-68.4950,2.3700,0.9210,0.3250,0.1480,0.3450,-8.6330,-4.4270,-3.1470,6.5740,-2.9720,-0.2360,0.3750,-0.3910,-0.2560,-7.5920,6.5070,-12.2720,65.9570,7.7240,0.3690,-0.4820,0.1020,-4.0510,7.7240,5.5980
2820,-0.5820,15.6940,8.5050,-0.2260,-2.6790,-0.1470,9.0960,4.1060,-1.5200,6.3060,-3.3270,-1.4060,0.2990,-0.9260,-1.0840,3.8240,-3.7780,8.3630,-25.0470,-12.3660,-40.0880,1.1070,-0.4770,-0.9100,-0.7570,-6.3540,7.6210,-44.6920,-68.4590,2.3700,1.5730,-0.3630,0.5440,0.3500,-8.6600,-4.3740,-3.1550,6.6370,-2.9720,1.6280,1.2280,0.1910,-0.1700,-7.5030,6.3450,-12.2720,65.9430,7.7240,0.6140,-0.2220,-0.1580,-4.2380,7.7620,5.5980
2840,-0.6360,15.5710,8.5050,-0.4250,-1.1060,-0.5140,9.0760,4.1180,-1.3740,6.2750,-3.2750,-1.4060,0.3900,-0.7730,-1.0540,3.8040,-3.6560,8.2240,-25.0470,-12.3660,-40.0880,1.1070,-0.4770,-0.9100,-0.7570,-6.3540,7.6210,-44.6800,-68.4380,2.3700,1.9240,-0.8830,0.6970,0.3760,-8.5110,-4.3810,-3.1180,6.6860,-2.9720,0.6350,1.1520,-0.4800,-0.2850,-7.3740,6.4120,-12.2910,65.9660,7.7240,0.5070,-0.5730,-0.4330,-4.1800,7.8290,5.4830
2860,-0.6760,15.3830,8.5050,-0.5780,0.2520,-0.4220,9.0520,4.0920,-1.2590,6.3410,-3.2820,-1.4060,-0.9990,0.8910,-0.3820,3.6340,-3.8210,8.3490,-24.9860,-12.3350,-40.0880,-0.3590,1.3850,0.0830,-0.8210,-6.3470,7.7190,-44.5960,-68.4160,2.3700,0.6260,0.0950,0.8190,0.1990,-8.6360,-4.3360,-3.0900,6.7000,-2.9720,-0.0370,0.7550,-0.0680,-0.2870,-7.4410,6.3780,-12.2890,65.9820,7.7240,0.0030,-0.3900,-0.7840,-4.2140,7.7720,5.4250
2880,-0.6860,15.2490,8.5050,0.1430,1.2740,-0.4960,9.0480,4.1160,-1.3240,6.4350,-3.2970,-1.4060,-1.9760,2.2040,0.2900,3.6630,-3.8500,8.4830,-24.9310,-12.3390,-40.0880,-0.3280,1.0800,-0.2070,-0.9910,-6.5460,7.8960,-44.5050,-68.4120,2.3700,-0.3050,0.3690,0.8650,0.1920,-8.7240,-4.3790,-3.0300,6.7190,-2.9720,-0.5860,1.0110,0.0390,-0.4000,-7.5940,6.5840,-12.2560,65.9850,7.7240,0.0640,-0.2830,-0.4940,-4.2900,7.6660,5.4110
2900,-0.7050,15.1940,8.5050,-0.1470,0.1900,-0.8480,8.9880,4.0940,-1.4530,6.4800,-3.2710,-1.4060,-0.7400,0.1280,-0.3360,3.6490,-3.7590,8.4130,-24.9310,-12.3390,-40.0880,-0.3280,1.0800,-0.2070,-0.9910,-6.5460,7.8960,-44.4220,-68.4130,2.3700,0.4600,-0.0450,0.4940,0.1840,-8.6910,-4.4410,-3.0300,6.7190,-2.9720,-0.5860,1.0110,0.0390,-0.4000,-7.5940,6.5840,-12.2610,66.0450,7.7240,0.2010,-0.3140,0.0560,-4.1900,7.8670,5.3200
2920,-0.7530,15.1120,8.5050,-0.0240,-1.5510,-0.3850,8.9930,4.1350,-1.4170,6.5100,-3.2500,-1.4060,-0.3390,-1.0030,-0.7160,3.5870,-3.7680,8.3370,-24.9180,-12.3090,-40.0880,-0.3430,-0.1570,-0.7260,-0.8280,-6.4090,7.7170,-44.3530,-68.3850,2.3700,1.1750,-0.3960,-0.0890,0.2010,-8.6100,-4.3360,-3.0120,6.7800,-2.9720,-0.0240,0.2760,-0.3570,-0.2830,-7.4150,6.3570,-12.2480,66.0510,7.7240,-0.4550,-0.3140,0.1480,-4.2660,7.8050,5.4440
2940,-0.8190,14.9810,8.5050,-0.1460,-1.3680,0.1950,9.0880,4.1160,-1.3310,6.5070,-3.2560,-1.4060,-0.7360,-0.8810,-0.4870,3.7350,-3.8400,8.3390,-24.8700,-12.3180,-40.0880,-0.4790,0.4850,-0.3110,-0.9860,-6.3690,7.6760,-44.3530,-68.3850,2.3700,1.1750,-0.3960,-0.0890,0.2010,-8.6100,-4.3360,-2.9750,6.7770,-2.9720,-1.1840,-0.0610,-0.4310,-0.3930,-7.4320,6.4090,-12.2670,66.0300,7.7240,-0.6080,-0.2070,0.0410,-4.1710,7.8290,5.5640
2960,-0.9000,14.8040,8.5050,0.4340,-0.5590,0.2560,9.2180,4.0770,-1.2210,6.5280,-3.2700,-1.4060,-1.2090,-0.2240,0.0020,3.7110,-3.8590,8.3890,-24.8440,-12.3500,-40.0880,-0.9350,0.7880,0.5150,-0.9030,-6.4830,7.7260,-44.2190,-68.4200,2.3700,-0.3090,0.4760,-0.2550,0.2200,-8.6100,-4.4150,-2.9610,6.7740,-2.9720,-1.3830,-0.3970,0.1490,-0.3420,-7.4750,6.4670,-12.2400,65.9970,7.7240,-0.6380,0.1750,-0.1420,-4.3050,7.7720,5.5740
2980,-0.9600,14.6930,8.5050,0.6630,0.7230,-0.0040,9.1410,4.0030,-1.2900,6.5810,-3.2810,-1.4060,-1.5600,0.6770,0.7040,3.6800,-3.8670,8.4610,-24.8320,-12.3660,-40.0880,-0.9500,0.3910,0.6220,-0.8910,-6.5270,7.8630,-44.1560,-68.4650,2.3700,-0.6900,0.0760,-0.2230,0.2490,-8.6240,-4.4890,-2.9990,6.7620,-2.9720,-1.3060,-0.5650,0.5760,-0.1700,-7.5270,6.4620,-12.2290,65.9820,7.7240,-0.6230,0.6020,-0.0810,-4.1900,7.7670,5.4970
